SYMBOL,TF,JASPAR ID,Class,Family,Tax group,IC,GC Content,Target gene hits,Target gene non-hits,Background gene hits,Background gene non-hits,Target TFBS hits,Target TFBS nucleotide rate,Background TFBS hits,Background TFBS nucleotide rate,Z-score,Fisher score 
TNXA,HNF4A,MA0114.1,Zinc-coordinating,Hormone-nuclear Receptor,vertebrates,9.617,0.522,1,0,6389,18363,5,0.0326,11240,0.00406,19.87,1.354
TNXA,PPARG::RXRA,MA0065.2,Zinc-coordinating,Hormone-nuclear Receptor,vertebrates,11.663,0.547,1,0,6067,18685,4,0.0301,11080,0.00462,16.617,1.406
TNXA,ZEB1,MA0103.1,Zinc-coordinating,BetaBetaAlpha-zinc finger,vertebrates,8.305,0.557,1,0,17454,7298,26,0.0783,171132,0.0285,13.271,0.349
TNXA,CREB1,MA0018.2,Zipper-Type,Leucine Zipper,vertebrates,10.139,0.523,1,0,9204,15548,6,0.0241,19712,0.00438,13.147,0.989
TNXA,Zfx,MA0146.1,Zinc-coordinating,BetaBetaAlpha-zinc finger,vertebrates,13.077,0.749,1,0,9872,14880,6,0.0421,33238,0.0129,11.447,0.919
KRT17,RREB1,MA0073.1,Zinc-coordinating,BetaBetaAlpha-zinc finger,vertebrates,22.278,0.623,1,0,1520,23232,2,0.0222,1839,0.00102,27.772,2.79
KRT17,ZNF354C,MA0130.1,Zinc-coordinating,BetaBetaAlpha-zinc finger,vertebrates,8.958,0.615,1,0,17566,7186,30,0.0999,207738,0.0346,15.093,0.343
KRT17,TLX1::NFIC,MA0119.1,Helix-Turn-Helix::Other,Homeo::Nuclear Factor I-CCAAT-binding,vertebrates,19.665,0.598,1,0,1066,23686,1,0.00777,1162,0.000452,14.063,3.144
JUP,Tcfcp2l1,MA0145.1,Other,CP2,vertebrates,11.65,0.609,1,0,10591,14161,11,0.0655,32190,0.0125,23.009,0.849
JUP,Klf4,MA0039.2,Zinc-coordinating,BetaBetaAlpha-zinc finger,vertebrates,12.618,0.771,1,0,13645,11107,23,0.0978,88731,0.0247,22.813,0.596
JUP,SP1,MA0079.2,Zinc-coordinating,BetaBetaAlpha-zinc finger,vertebrates,11.129,0.82,1,0,12391,12361,18,0.0766,79797,0.0222,17.84,0.692
JUP,TEAD1,MA0090.1,Helix-Turn-Helix,Homeo,vertebrates,15.678,0.507,1,0,5222,19530,3,0.0153,8446,0.00282,11.239,1.556
FCER1A,NFYA,MA0060.1,Other Alpha-Helix,NFY CCAAT-binding,vertebrates,12.925,0.523,1,0,5865,18887,1,0.0976,9476,0.00421,17.854,1.44
FCER1A,NHLH1,MA0048.1,Zipper-Type,Helix-Loop-Helix,vertebrates,14.132,0.674,1,0,5783,18969,1,0.0732,9874,0.00329,14.94,1.454
FCER1A,Gata1,MA0035.2,Zinc-coordinating,GATA,vertebrates,10.878,0.373,1,0,14350,10402,3,0.201,75905,0.0232,14.884,0.545
FCER1A,Myf,MA0055.1,Zipper-Type,Helix-Loop-Helix,vertebrates,15.914,0.609,1,0,10157,14595,1,0.0732,27519,0.00918,8.185,0.891
FCER1A,FEV,MA0156.1,Winged Helix-Turn-Helix,Ets,vertebrates,12.121,0.442,1,0,15402,9350,2,0.0976,81722,0.0182,7.321,0.474
FOSB,SP1,MA0079.2,Zinc-coordinating,BetaBetaAlpha-zinc finger,vertebrates,11.129,0.82,1,0,12391,12361,26,0.0945,79797,0.0222,25.702,0.692
FOSB,Klf4,MA0039.2,Zinc-coordinating,BetaBetaAlpha-zinc finger,vertebrates,12.618,0.771,1,0,13645,11107,25,0.0909,88731,0.0247,22.336,0.596
FOSB,MZF1_5-13,MA0057.1,Zinc-coordinating,BetaBetaAlpha-zinc finger,vertebrates,9.4,0.588,1,0,13425,11327,19,0.0691,77649,0.0216,17.078,0.612
FOSB,NFYA,MA0060.1,Other Alpha-Helix,NFY CCAAT-binding,vertebrates,12.925,0.523,1,0,5865,18887,4,0.0233,9476,0.00421,15.28,1.44
FOS,ESR1,MA0112.2,Zinc-coordinating,Hormone-nuclear Receptor,vertebrates,13.563,0.594,1,0,345,24407,1,0.00749,355,0.000197,26.144,4.27
FOS,SRF,MA0083.1,Other Alpha-Helix,MADS,vertebrates,17.965,0.466,1,0,908,23844,2,0.00899,1019,0.00034,23.724,3.304
FOS,FOXF2,MA0030.1,Winged Helix-Turn-Helix,Forkhead,vertebrates,14.824,0.334,1,0,4097,20655,3,0.0157,6459,0.00251,13.449,1.798
FOS,Tcfcp2l1,MA0145.1,Other,CP2,vertebrates,11.65,0.609,1,0,10591,14161,7,0.0367,32190,0.0125,11.15,0.849
FOS,SP1,MA0079.2,Zinc-coordinating,BetaBetaAlpha-zinc finger,vertebrates,11.129,0.82,1,0,12391,12361,14,0.0524,79797,0.0222,10.554,0.692
CPE,FOXF2,MA0030.1,Winged Helix-Turn-Helix,Forkhead,vertebrates,14.824,0.334,1,0,4097,20655,3,0.024,6459,0.00251,17.716,1.798
CPE,FOXI1,MA0042.1,Winged Helix-Turn-Helix,Forkhead,vertebrates,13.183,0.263,1,0,11680,13072,10,0.0686,49366,0.0165,17.039,0.751
CPE,MEF2A,MA0052.1,Other Alpha-Helix,MADS,vertebrates,15.709,0.179,1,0,7006,17746,5,0.0286,15631,0.00434,15.231,1.262
CPE,RORA_2,MA0072.1,Zinc-coordinating,Hormone-nuclear Receptor,vertebrates,17.425,0.369,1,0,3571,21181,2,0.016,5079,0.00198,12.942,1.936
CPE,NFIL3,MA0025.1,Zipper-Type,Leucine Zipper,vertebrates,14.139,0.265,1,0,6731,18021,4,0.0251,15828,0.00484,12.07,1.302
EGR1,SRF,MA0083.1,Other Alpha-Helix,MADS,vertebrates,17.965,0.466,1,0,908,23844,4,0.0233,1019,0.00034,55.921,3.304
EGR1,Egr1,MA0162.1,Zinc-coordinating,BetaBetaAlpha-zinc finger,vertebrates,14.456,0.739,1,0,6364,18388,6,0.032,12188,0.00373,20.9,1.358
LDLRAD4,NA,NA,NA,NA,NA,NA,NA,NA,NA,NA,NA,NA,NA,NA,NA,NA,NA
GDF15,MIZF,MA0131.1,Zinc-coordinating,BetaBetaAlpha-zinc finger,vertebrates,13.197,0.61,1,0,2080,22672,1,0.0435,2497,0.000694,23.39,2.476
GDF15,FOXF2,MA0030.1,Winged Helix-Turn-Helix,Forkhead,vertebrates,14.824,0.334,1,0,4097,20655,1,0.0609,6459,0.00251,17.02,1.798
GDF15,NHLH1,MA0048.1,Zipper-Type,Helix-Loop-Helix,vertebrates,14.132,0.674,1,0,5783,18969,1,0.0522,9874,0.00329,12.365,1.454
GDF15,HNF4A,MA0114.1,Zinc-coordinating,Hormone-nuclear Receptor,vertebrates,9.617,0.522,1,0,6389,18363,1,0.0565,11240,0.00406,11.993,1.354
GDF15,INSM1,MA0155.1,Zinc-coordinating,BetaBetaAlpha-zinc finger,vertebrates,14.862,0.667,1,0,7588,17164,1,0.0522,17685,0.0059,8.736,1.182
ATF3,IRF2,MA0051.1,Winged Helix-Turn-Helix,IRF,vertebrates,21.134,0.412,1,0,844,23908,2,0.0171,923,0.000462,35.069,3.377
ATF3,IRF1,MA0050.1,Winged Helix-Turn-Helix,IRF,vertebrates,16.008,0.383,1,0,6075,18677,7,0.04,11517,0.00384,26.607,1.405
ATF3,TLX1::NFIC,MA0119.1,Helix-Turn-Helix::Other,Homeo::Nuclear Factor I-CCAAT-binding,vertebrates,19.665,0.598,1,0,1066,23686,1,0.00666,1162,0.000452,12.881,3.144
NME3,ESR1,MA0112.2,Zinc-coordinating,Hormone-nuclear Receptor,vertebrates,13.563,0.594,1,0,345,24407,1,0.0109,355,0.000197,31.838,4.27
NME3,HIF1A::ARNT,MA0259.1,Zipper-Type,Helix-Loop-Helix,vertebrates,9.74,0.657,1,0,10914,13838,13,0.0568,37662,0.00837,22.606,0.819
NME3,ELK4,MA0076.1,Winged Helix-Turn-Helix,Ets,vertebrates,14.123,0.583,1,0,6034,18718,5,0.0246,9342,0.00234,19.464,1.411
NME3,Mycn,MA0104.2,Zipper-Type,Helix-Loop-Helix,vertebrates,11.104,0.699,1,0,8332,16420,7,0.0382,18928,0.00526,19.337,1.089
NME3,GABPA,MA0062.2,Winged Helix-Turn-Helix,Ets,vertebrates,13.335,0.647,1,0,9355,15397,7,0.042,20927,0.0064,18.985,0.973
NME3,Tcfcp2l1,MA0145.1,Other,CP2,vertebrates,11.65,0.609,1,0,10591,14161,8,0.0611,32190,0.0125,18.606,0.849
FPR3,NA,NA,NA,NA,NA,NA,NA,NA,NA,NA,NA,NA,NA,NA,NA,NA,NA
ANKRD2,Myf,MA0055.1,Zipper-Type,Helix-Loop-Helix,vertebrates,15.914,0.609,1,0,10157,14595,7,0.0375,27519,0.00918,13.943,0.891
ANKRD2,TLX1::NFIC,MA0119.1,Helix-Turn-Helix::Other,Homeo::Nuclear Factor I-CCAAT-binding,vertebrates,19.665,0.598,1,0,1066,23686,1,0.00625,1162,0.000452,12.409,3.144
ANKRD2,ZNF354C,MA0130.1,Zinc-coordinating,BetaBetaAlpha-zinc finger,vertebrates,8.958,0.615,1,0,17566,7186,28,0.075,207738,0.0346,10.384,0.343
ANKRD2,NHLH1,MA0048.1,Zipper-Type,Helix-Loop-Helix,vertebrates,14.132,0.674,1,0,5783,18969,3,0.0161,9874,0.00329,10.37,1.454
ANKRD2,EBF1,MA0154.1,Zipper-Type,Helix-Loop-Helix,vertebrates,11.564,0.648,1,0,11288,13464,7,0.0312,39149,0.0109,9.189,0.785
ANKRD2,Tcfcp2l1,MA0145.1,Other,CP2,vertebrates,11.65,0.609,1,0,10591,14161,5,0.0312,32190,0.0125,7.872,0.849
ANKRD2,PLAG1,MA0163.1,Zinc-coordinating,BetaBetaAlpha-zinc finger,vertebrates,19.352,0.798,1,0,1971,22781,1,0.00625,2462,0.000958,7.753,2.53
PLXDC1,RXRA::VDR,MA0074.1,Zinc-coordinating,Hormone-nuclear Receptor,vertebrates,20.451,0.527,1,0,453,24299,1,0.02,475,0.000198,37.222,3.999
PLXDC1,Evi1,MA0029.1,Zinc-coordinating,BetaBetaAlpha-zinc finger,vertebrates,17.909,0.28,1,0,1931,22821,1,0.0186,2457,0.000956,15.094,2.55
STMN2,REST,MA0138.2,Zinc-coordinating,BetaBetaAlpha-zinc finger,vertebrates,23.134,0.596,1,0,232,24520,1,0.00998,242,0.000141,37.058,4.666
STMN2,Klf4,MA0039.2,Zinc-coordinating,BetaBetaAlpha-zinc finger,vertebrates,12.618,0.771,1,0,13645,11107,24,0.114,88731,0.0247,26.368,0.596
STMN2,SP1,MA0079.2,Zinc-coordinating,BetaBetaAlpha-zinc finger,vertebrates,11.129,0.82,1,0,12391,12361,14,0.0665,79797,0.0222,13.74,0.692
STMN2,HNF1A,MA0046.1,Helix-Turn-Helix,Homeo,vertebrates,15.548,0.259,1,0,3044,21708,2,0.0133,4352,0.00169,12.69,2.095
ANKRD2,Myf,MA0055.1,Zipper-Type,Helix-Loop-Helix,vertebrates,15.914,0.609,1,0,10157,14595,7,0.0375,27519,0.00918,13.943,0.891
ANKRD2,TLX1::NFIC,MA0119.1,Helix-Turn-Helix::Other,Homeo::Nuclear Factor I-CCAAT-binding,vertebrates,19.665,0.598,1,0,1066,23686,1,0.00625,1162,0.000452,12.409,3.144
ANKRD2,ZNF354C,MA0130.1,Zinc-coordinating,BetaBetaAlpha-zinc finger,vertebrates,8.958,0.615,1,0,17566,7186,28,0.075,207738,0.0346,10.384,0.343
ANKRD2,NHLH1,MA0048.1,Zipper-Type,Helix-Loop-Helix,vertebrates,14.132,0.674,1,0,5783,18969,3,0.0161,9874,0.00329,10.37,1.454
ANKRD2,EBF1,MA0154.1,Zipper-Type,Helix-Loop-Helix,vertebrates,11.564,0.648,1,0,11288,13464,7,0.0312,39149,0.0109,9.189,0.785
ANKRD2,Tcfcp2l1,MA0145.1,Other,CP2,vertebrates,11.65,0.609,1,0,10591,14161,5,0.0312,32190,0.0125,7.872,0.849
ANKRD2,PLAG1,MA0163.1,Zinc-coordinating,BetaBetaAlpha-zinc finger,vertebrates,19.352,0.798,1,0,1971,22781,1,0.00625,2462,0.000958,7.753,2.53
SFRP4,Zfp423,MA0116.1,Zinc-coordinating,BetaBetaAlpha-zinc finger,vertebrates,17.925,0.679,1,0,5691,19061,2,0.0306,10149,0.00423,12.479,1.47
SFRP4,Zfx,MA0146.1,Zinc-coordinating,BetaBetaAlpha-zinc finger,vertebrates,13.077,0.749,1,0,9872,14880,3,0.0429,33238,0.0129,8.151,0.919
SFRP4,INSM1,MA0155.1,Zinc-coordinating,BetaBetaAlpha-zinc finger,vertebrates,14.862,0.667,1,0,7588,17164,2,0.0245,17685,0.0059,7.393,1.182
SFRP4,FEV,MA0156.1,Winged Helix-Turn-Helix,Ets,vertebrates,12.121,0.442,1,0,15402,9350,5,0.0408,81722,0.0182,5.19,0.474
HPGDS,Tal1::Gata1,MA0140.1,Zipper-Type,Helix-Loop-Helix,vertebrates,11.297,0.451,1,0,6212,18540,2,0.529,11200,0.0056,57.062,1.382
HPGDS,ELF5,MA0136.1,Winged Helix-Turn-Helix,Ets,vertebrates,8.693,0.429,1,0,16547,8205,3,0.397,117435,0.0294,17.599,0.403
GSTA3,NA,NA,NA,NA,NA,NA,NA,NA,NA,NA,NA,NA,NA,NA,NA,NA,NA
GSTA3,NA,NA,NA,NA,NA,NA,NA,NA,NA,NA,NA,NA,NA,NA,NA,NA,NA
GSTA3,NA,NA,NA,NA,NA,NA,NA,NA,NA,NA,NA,NA,NA,NA,NA,NA,NA
GSTA3,NA,NA,NA,NA,NA,NA,NA,NA,NA,NA,NA,NA,NA,NA,NA,NA,NA
GSTA3,NA,NA,NA,NA,NA,NA,NA,NA,NA,NA,NA,NA,NA,NA,NA,NA,NA
GSTA3,NA,NA,NA,NA,NA,NA,NA,NA,NA,NA,NA,NA,NA,NA,NA,NA,NA
GSTA3,NA,NA,NA,NA,NA,NA,NA,NA,NA,NA,NA,NA,NA,NA,NA,NA,NA
GABRP,CTCF,MA0139.1,Zinc-coordinating,BetaBetaAlpha-zinc finger,vertebrates,17.205,0.645,1,0,3236,21516,1,0.0581,3982,0.0021,21.506,2.034
GABRP,RORA_1,MA0071.1,Zinc-coordinating,Hormone-nuclear Receptor,vertebrates,13.19,0.424,1,0,8624,16128,2,0.0612,18895,0.00525,13.608,1.054
GABRP,HOXA5,MA0158.1,Helix-Turn-Helix,Homeo,vertebrates,8.759,0.315,1,0,17629,7123,8,0.196,205993,0.0458,12.838,0.339
GABRP,Esrrb,MA0141.1,Zinc-coordinating,Hormone-nuclear Receptor,vertebrates,12.806,0.524,1,0,10167,14585,2,0.0734,26346,0.00878,12.224,0.89
GABRP,NFYA,MA0060.1,Other Alpha-Helix,NFY CCAAT-binding,vertebrates,12.925,0.523,1,0,5865,18887,1,0.0489,9476,0.00421,12.058,1.44
GABRP,Myf,MA0055.1,Zipper-Type,Helix-Loop-Helix,vertebrates,15.914,0.609,1,0,10157,14595,2,0.0734,27519,0.00918,11.889,0.891
GABRP,TBP,MA0108.2,Beta-sheet,TATA-binding,vertebrates,10.086,0.377,1,0,10389,14363,2,0.0917,33775,0.0141,11.686,0.868
GABRP,STAT1,MA0137.2,Ig-fold,Stat,vertebrates,13.119,0.452,1,0,6394,18358,1,0.0459,10990,0.00458,10.648,1.353
DLGAP1,HNF1B,MA0153.1,Helix-Turn-Helix,Homeo,vertebrates,16.821,0.222,1,0,4107,20645,4,0.0158,6910,0.0023,15.356,1.796
DLGAP1,MEF2A,MA0052.1,Other Alpha-Helix,MADS,vertebrates,15.709,0.179,1,0,7006,17746,6,0.0198,15631,0.00434,12.805,1.262
DLGAP1,FOXA1,MA0148.1,Winged Helix-Turn-Helix,Forkhead,vertebrates,12.533,0.332,1,0,13355,11397,13,0.0472,63112,0.0193,11.106,0.617
DLGAP1,HOXA5,MA0158.1,Helix-Turn-Helix,Homeo,vertebrates,8.759,0.315,1,0,17629,7123,33,0.0872,205993,0.0458,10.848,0.339
MEOX1,TEAD1,MA0090.1,Helix-Turn-Helix,Homeo,vertebrates,15.678,0.507,1,0,5222,19530,3,0.0194,8446,0.00282,13.265,1.556
MEOX1,RREB1,MA0073.1,Zinc-coordinating,BetaBetaAlpha-zinc finger,vertebrates,22.278,0.623,1,0,1520,23232,1,0.0108,1839,0.00102,12.792,2.79
MEOX1,MZF1_1-4,MA0056.1,Zinc-coordinating,BetaBetaAlpha-zinc finger,vertebrates,8.586,0.725,1,0,16863,7889,23,0.0744,201000,0.0335,9.72,0.384
MEOX1,PBX1,MA0070.1,Helix-Turn-Helix,Homeo,vertebrates,14.641,0.31,1,0,4107,20645,2,0.0129,6634,0.00221,9.586,1.796
MEOX1,Zfx,MA0146.1,Zinc-coordinating,BetaBetaAlpha-zinc finger,vertebrates,13.077,0.749,1,0,9872,14880,5,0.0377,33238,0.0129,9.354,0.919
MEOX1,EBF1,MA0154.1,Zipper-Type,Helix-Loop-Helix,vertebrates,11.564,0.648,1,0,11288,13464,6,0.0323,39149,0.0109,8.801,0.785
MEOX1,PLAG1,MA0163.1,Zinc-coordinating,BetaBetaAlpha-zinc finger,vertebrates,19.352,0.798,1,0,1971,22781,1,0.00755,2462,0.000958,8.8,2.53
MEOX1,ELF5,MA0136.1,Winged Helix-Turn-Helix,Ets,vertebrates,8.693,0.429,1,0,16547,8205,13,0.0631,117435,0.0294,8.529,0.403
PRKCQ,STAT1,MA0137.2,Ig-fold,Stat,vertebrates,13.119,0.452,1,0,6394,18358,3,0.122,10990,0.00458,32.956,1.353
PRKCQ,Stat3,MA0144.1,Ig-fold,Stat,vertebrates,13.601,0.505,1,0,9883,14869,3,0.0811,23645,0.00657,17.419,0.918
PRKCQ,PBX1,MA0070.1,Helix-Turn-Helix,Homeo,vertebrates,14.641,0.31,1,0,4107,20645,1,0.0324,6634,0.00221,11.82,1.796
CA10,Spz1,MA0111.1,Other,Other,vertebrates,11.907,0.538,1,0,6658,18094,5,0.03,12530,0.00383,17.961,1.313
CA10,Sox2,MA0143.1,Other Alpha-Helix,High Mobility Group,vertebrates,12.951,0.361,1,0,2809,21943,2,0.0164,3844,0.0016,15.518,2.176
CA10,Pax6,MA0069.1,Helix-Turn-Helix,Homeo,vertebrates,13.798,0.432,1,0,1218,23534,1,0.00764,1377,0.000536,12.64,3.011
CA10,NFE2L2,MA0150.1,Zipper-Type,Leucine Zipper,vertebrates,14.394,0.486,1,0,5635,19117,3,0.018,8970,0.00274,12.277,1.48
CA10,ELF5,MA0136.1,Winged Helix-Turn-Helix,Ets,vertebrates,8.693,0.429,1,0,16547,8205,14,0.0688,117435,0.0294,9.921,0.403
CA10,Gfi,MA0038.1,Zinc-coordinating,BetaBetaAlpha-zinc finger,vertebrates,9.47,0.391,1,0,13731,11021,9,0.0491,65844,0.0183,9.759,0.589
CA10,FEV,MA0156.1,Winged Helix-Turn-Helix,Ets,vertebrates,12.121,0.442,1,0,15402,9350,11,0.048,81722,0.0182,9.485,0.474
TIA1,TBP,MA0108.2,Beta-sheet,TATA-binding,vertebrates,10.086,0.377,1,0,10389,14363,14,0.0554,33775,0.0141,21.539,0.868
TIA1,Nkx2-5,MA0063.1,Helix-Turn-Helix,Homeo,vertebrates,8.27,0.218,1,0,16973,7779,50,0.0924,197210,0.0384,17.274,0.377
TIA1,Lhx3,MA0135.1,Helix-Turn-Helix,Homeo,vertebrates,16.354,0.131,1,0,5806,18946,6,0.0206,12758,0.00461,14.404,1.45
TIA1,SRY,MA0084.1,Other Alpha-Helix,High Mobility Group,vertebrates,9.193,0.238,1,0,14714,10038,24,0.057,101929,0.0255,12.262,0.52
TIA1,ARID3A,MA0151.1,Helix-Turn-Helix,Arid,vertebrates,9.896,0.062,1,0,16086,8666,38,0.0602,166235,0.0277,12.126,0.431
TIA1,FOXA1,MA0148.1,Winged Helix-Turn-Helix,Forkhead,vertebrates,12.533,0.332,1,0,13355,11397,16,0.0465,63112,0.0193,12.1,0.617
TIA1,Foxa2,MA0047.2,Winged Helix-Turn-Helix,Forkhead,vertebrates,13.268,0.315,1,0,11656,13096,12,0.038,43535,0.0145,12.024,0.753
FMOD,Pax5,MA0014.1,Helix-Turn-Helix,Homeo,vertebrates,12.432,0.575,1,0,1224,23528,1,0.0162,1364,0.000758,19.219,3.006
FMOD,CTCF,MA0139.1,Zinc-coordinating,BetaBetaAlpha-zinc finger,vertebrates,17.205,0.645,1,0,3236,21516,1,0.0154,3982,0.0021,9.896,2.034
FMOD,NFATC2,MA0152.1,Ig-fold,Rel,vertebrates,9.859,0.346,1,0,15176,9576,10,0.0568,97757,0.019,9.611,0.489
FMOD,Stat3,MA0144.1,Ig-fold,Stat,vertebrates,13.601,0.505,1,0,9883,14869,3,0.0244,23645,0.00657,7.549,0.918
FMOD,ELF5,MA0136.1,Winged Helix-Turn-Helix,Ets,vertebrates,8.693,0.429,1,0,16547,8205,9,0.0657,117435,0.0294,7.478,0.403
FMOD,Sox17,MA0078.1,Other Alpha-Helix,High Mobility Group,vertebrates,10.502,0.384,1,0,13879,10873,6,0.0438,65883,0.0165,7.431,0.578
RNF186,HNF1A,MA0046.1,Helix-Turn-Helix,Homeo,vertebrates,15.548,0.259,1,0,3044,21708,1,0.0966,4352,0.00169,26.774,2.095
RNF186,HNF1B,MA0153.1,Helix-Turn-Helix,Homeo,vertebrates,16.821,0.222,1,0,4107,20645,1,0.0828,6910,0.0023,19.34,1.796
RNF186,RELA,MA0107.1,Ig-fold,Rel,vertebrates,14.757,0.567,1,0,7171,17581,1,0.069,13690,0.0038,12.072,1.239
RNF186,NF-kappaB,MA0061.1,Ig-fold,Rel,vertebrates,13.345,0.621,1,0,8381,16371,1,0.069,18865,0.00524,10.051,1.083
RNF186,RORA_1,MA0071.1,Zinc-coordinating,Hormone-nuclear Receptor,vertebrates,13.19,0.424,1,0,8624,16128,1,0.069,18895,0.00525,10.042,1.054
CACNA1G,MZF1_5-13,MA0057.1,Zinc-coordinating,BetaBetaAlpha-zinc finger,vertebrates,9.4,0.588,1,0,13425,11327,61,0.0655,77649,0.0216,29.129,0.612
CACNA1G,SP1,MA0079.2,Zinc-coordinating,BetaBetaAlpha-zinc finger,vertebrates,11.129,0.82,1,0,12391,12361,61,0.0655,79797,0.0222,28.352,0.692
CACNA1G,Pax5,MA0014.1,Helix-Turn-Helix,Homeo,vertebrates,12.432,0.575,1,0,1224,23528,4,0.00859,1364,0.000758,27.269,3.006
CACNA1G,MZF1_1-4,MA0056.1,Zinc-coordinating,BetaBetaAlpha-zinc finger,vertebrates,8.586,0.725,1,0,16863,7889,123,0.0792,201000,0.0335,24.485,0.384
CACNA1G,Klf4,MA0039.2,Zinc-coordinating,BetaBetaAlpha-zinc finger,vertebrates,12.618,0.771,1,0,13645,11107,53,0.0569,88731,0.0247,20.031,0.596
CACNA1G,INSM1,MA0155.1,Zinc-coordinating,BetaBetaAlpha-zinc finger,vertebrates,14.862,0.667,1,0,7588,17164,16,0.0206,17685,0.0059,18.48,1.182
CACNA1G,ZNF354C,MA0130.1,Zinc-coordinating,BetaBetaAlpha-zinc finger,vertebrates,8.958,0.615,1,0,17566,7186,105,0.0676,207738,0.0346,17.386,0.343
BTG2,INSM1,MA0155.1,Zinc-coordinating,BetaBetaAlpha-zinc finger,vertebrates,14.862,0.667,1,0,7588,17164,2,0.0972,17685,0.0059,18.319,1.182
BTG2,NFYA,MA0060.1,Other Alpha-Helix,NFY CCAAT-binding,vertebrates,12.925,0.523,1,0,5865,18887,1,0.0648,9476,0.00421,14.205,1.44
BTG2,Tcfcp2l1,MA0145.1,Other,CP2,vertebrates,11.65,0.609,1,0,10591,14161,2,0.113,32190,0.0125,13.966,0.849
BTG2,CREB1,MA0018.2,Zipper-Type,Leucine Zipper,vertebrates,10.139,0.523,1,0,9204,15548,2,0.0648,19712,0.00438,13.889,0.989
BTG2,Zfx,MA0146.1,Zinc-coordinating,BetaBetaAlpha-zinc finger,vertebrates,13.077,0.749,1,0,9872,14880,2,0.113,33238,0.0129,13.69,0.919
BTG2,Klf4,MA0039.2,Zinc-coordinating,BetaBetaAlpha-zinc finger,vertebrates,12.618,0.771,1,0,13645,11107,3,0.121,88731,0.0247,9.605,0.596
CEBPD,NA,NA,NA,NA,NA,NA,NA,NA,NA,NA,NA,NA,NA,NA,NA,NA,NA
ZEB1,Sox2,MA0143.1,Other Alpha-Helix,High Mobility Group,vertebrates,12.951,0.361,1,0,2809,21943,3,0.0105,3844,0.0016,14.393,2.176
ZEB1,RORA_2,MA0072.1,Zinc-coordinating,Hormone-nuclear Receptor,vertebrates,17.425,0.369,1,0,3571,21181,3,0.00982,5079,0.00198,11.38,1.936
ZEB1,MYC::MAX,MA0059.1,Zipper-Type,Helix-Loop-Helix,vertebrates,14.237,0.602,1,0,3436,21316,3,0.00772,4535,0.00139,10.92,1.974
ZEB1,FOXI1,MA0042.1,Winged Helix-Turn-Helix,Forkhead,vertebrates,13.183,0.263,1,0,11680,13072,13,0.0365,49366,0.0165,10.226,0.751
ZEB1,CTCF,MA0139.1,Zinc-coordinating,BetaBetaAlpha-zinc finger,vertebrates,17.205,0.645,1,0,3236,21516,2,0.00888,3982,0.0021,9.517,2.034
ZEB1,Sox5,MA0087.1,Other Alpha-Helix,High Mobility Group,vertebrates,10.831,0.199,1,0,13087,11665,19,0.0311,72042,0.014,9.44,0.637
SIK1,CREB1,MA0018.2,Zipper-Type,Leucine Zipper,vertebrates,10.139,0.523,1,0,9204,15548,3,0.0704,19712,0.00438,18.042,0.989
SIK1,Myb,MA0100.1,Helix-Turn-Helix,Myb,vertebrates,9.883,0.591,1,0,13518,11234,3,0.0704,58600,0.013,9.102,0.605
SIK1,Spz1,MA0111.1,Other,Other,vertebrates,11.907,0.538,1,0,6658,18094,1,0.0323,12530,0.00383,8.061,1.313
SIK1,MAX,MA0058.1,Zipper-Type,Helix-Loop-Helix,vertebrates,12.685,0.571,1,0,7993,16759,1,0.0293,15900,0.00442,6.527,1.13
SIK1,E2F1,MA0024.1,Winged Helix-Turn-Helix,E2F,vertebrates,13.838,0.625,1,0,8113,16639,1,0.0235,17630,0.00392,5.342,1.115
SIK1,FOXO3,MA0157.1,Winged Helix-Turn-Helix,Forkhead,vertebrates,11.734,0.298,1,0,13611,11141,2,0.0469,69410,0.0154,4.498,0.598
BMP2,NFKB1,MA0105.1,Ig-fold,Rel,vertebrates,15.627,0.758,1,0,3946,20806,3,0.0138,6372,0.00195,12.944,1.836
BMP2,TLX1::NFIC,MA0119.1,Helix-Turn-Helix::Other,Homeo::Nuclear Factor I-CCAAT-binding,vertebrates,19.665,0.598,1,0,1066,23686,1,0.00587,1162,0.000452,11.972,3.144
BMP2,MAX,MA0058.1,Zipper-Type,Helix-Loop-Helix,vertebrates,12.685,0.571,1,0,7993,16759,4,0.0168,15900,0.00442,8.949,1.13
BMP2,Gfi,MA0038.1,Zinc-coordinating,BetaBetaAlpha-zinc finger,vertebrates,9.47,0.391,1,0,13731,11021,10,0.042,65844,0.0183,8.545,0.589
IL3RA,NA,NA,NA,NA,NA,NA,NA,NA,NA,NA,NA,NA,NA,NA,NA,NA,NA
TMSB4X,SPI1,MA0080.2,Winged Helix-Turn-Helix,Ets,vertebrates,9.64,0.435,1,0,15792,8960,5,0.119,95792,0.0186,12.547,0.449
TMSB4X,NFE2L2,MA0150.1,Zipper-Type,Leucine Zipper,vertebrates,14.394,0.486,1,0,5635,19117,1,0.0375,8970,0.00274,10.834,1.48
TMSB4X,Spz1,MA0111.1,Other,Other,vertebrates,11.907,0.538,1,0,6658,18094,1,0.0375,12530,0.00383,8.87,1.313
TMSB4X,RELA,MA0107.1,Ig-fold,Rel,vertebrates,14.757,0.567,1,0,7171,17581,1,0.0341,13690,0.0038,7.958,1.239
TMSB4X,SPIB,MA0081.1,Winged Helix-Turn-Helix,Ets,vertebrates,9.06,0.466,1,0,17547,7205,5,0.119,175639,0.0342,7.876,0.344
MRPS34,Tcfcp2l1,MA0145.1,Other,CP2,vertebrates,11.65,0.609,1,0,10591,14161,8,0.0565,32190,0.0125,17.502,0.849
MRPS34,Klf4,MA0039.2,Zinc-coordinating,BetaBetaAlpha-zinc finger,vertebrates,12.618,0.771,1,0,13645,11107,17,0.0857,88731,0.0247,17.465,0.596
MRPS34,Zfx,MA0146.1,Zinc-coordinating,BetaBetaAlpha-zinc finger,vertebrates,13.077,0.749,1,0,9872,14880,8,0.0565,33238,0.0129,17.067,0.919
MRPS34,ZNF354C,MA0130.1,Zinc-coordinating,BetaBetaAlpha-zinc finger,vertebrates,8.958,0.615,1,0,17566,7186,29,0.0877,207738,0.0346,12.873,0.343
MRPS34,ZEB1,MA0103.1,Zinc-coordinating,BetaBetaAlpha-zinc finger,vertebrates,8.305,0.557,1,0,17454,7298,25,0.0756,171132,0.0285,12.534,0.349
MRPS34,HIF1A::ARNT,MA0259.1,Zipper-Type,Helix-Loop-Helix,vertebrates,9.74,0.657,1,0,10914,13838,7,0.0282,37662,0.00837,9.587,0.819
NR1I3,NA,NA,NA,NA,NA,NA,NA,NA,NA,NA,NA,NA,NA,NA,NA,NA,NA
PLXDC1,RXRA::VDR,MA0074.1,Zinc-coordinating,Hormone-nuclear Receptor,vertebrates,20.451,0.527,1,0,453,24299,1,0.02,475,0.000198,37.222,3.999
PLXDC1,Evi1,MA0029.1,Zinc-coordinating,BetaBetaAlpha-zinc finger,vertebrates,17.909,0.28,1,0,1931,22821,1,0.0186,2457,0.000956,15.094,2.55
TGIF1,Pax5,MA0014.1,Helix-Turn-Helix,Homeo,vertebrates,12.432,0.575,1,0,1224,23528,2,0.0112,1364,0.000758,22.361,3.006
TGIF1,Sox2,MA0143.1,Other Alpha-Helix,High Mobility Group,vertebrates,12.951,0.361,1,0,2809,21943,2,0.00839,3844,0.0016,9.943,2.176
PTGER4,RREB1,MA0073.1,Zinc-coordinating,BetaBetaAlpha-zinc finger,vertebrates,22.278,0.623,1,0,1520,23232,1,0.0258,1839,0.00102,21.032,2.79
PTGER4,NFATC2,MA0152.1,Ig-fold,Rel,vertebrates,9.859,0.346,1,0,15176,9576,9,0.0813,97757,0.019,12.562,0.489
PTGER4,ELF5,MA0136.1,Winged Helix-Turn-Helix,Ets,vertebrates,8.693,0.429,1,0,16547,8205,8,0.0929,117435,0.0294,10.37,0.403
SPOCK1,HOXA5,MA0158.1,Helix-Turn-Helix,Homeo,vertebrates,8.759,0.315,1,0,17629,7123,72,0.0988,205993,0.0458,19.336,0.339
SPOCK1,Prrx2,MA0075.1,Helix-Turn-Helix,Homeo,vertebrates,9.063,0.027,1,0,15063,9689,46,0.0395,123270,0.0171,13.091,0.497
SPOCK1,TAL1::TCF3,MA0091.1,Zipper-Type,Helix-Loop-Helix,vertebrates,14.07,0.453,1,0,7491,17261,8,0.0165,14681,0.0049,12.567,1.195
SPOCK1,Nkx2-5,MA0063.1,Helix-Turn-Helix,Homeo,vertebrates,8.27,0.218,1,0,16973,7779,58,0.0697,197210,0.0384,12.405,0.377
SPOCK1,Lhx3,MA0135.1,Helix-Turn-Helix,Homeo,vertebrates,16.354,0.131,1,0,5806,18946,7,0.0156,12758,0.00461,12.306,1.45
SPOCK1,AP1,MA0099.2,Zipper-Type,Leucine Zipper,vertebrates,9.193,0.405,1,0,16390,8362,38,0.0456,113253,0.022,12.234,0.412
AXL,SP1,MA0079.2,Zinc-coordinating,BetaBetaAlpha-zinc finger,vertebrates,11.129,0.82,1,0,12391,12361,10,0.0735,79797,0.0222,12.761,0.692
AXL,PLAG1,MA0163.1,Zinc-coordinating,BetaBetaAlpha-zinc finger,vertebrates,19.352,0.798,1,0,1971,22781,1,0.0103,2462,0.000958,10.688,2.53
AXL,TEAD1,MA0090.1,Helix-Turn-Helix,Homeo,vertebrates,15.678,0.507,1,0,5222,19530,2,0.0176,8446,0.00282,10.06,1.556
AXL,PPARG::RXRA,MA0065.2,Zinc-coordinating,Hormone-nuclear Receptor,vertebrates,11.663,0.547,1,0,6067,18685,2,0.022,11080,0.00462,9.281,1.406
AXL,EBF1,MA0154.1,Zipper-Type,Helix-Loop-Helix,vertebrates,11.564,0.648,1,0,11288,13464,5,0.0367,39149,0.0109,9.066,0.785
AXL,Klf4,MA0039.2,Zinc-coordinating,BetaBetaAlpha-zinc finger,vertebrates,12.618,0.771,1,0,13645,11107,8,0.0588,88731,0.0247,8.031,0.596
AXL,Spz1,MA0111.1,Other,Other,vertebrates,11.907,0.538,1,0,6658,18094,2,0.0162,12530,0.00383,7.148,1.313
PPP2R1A,NFYA,MA0060.1,Other Alpha-Helix,NFY CCAAT-binding,vertebrates,12.925,0.523,1,0,5865,18887,4,0.0569,9476,0.00421,27.062,1.44
PPP2R1A,MIZF,MA0131.1,Zinc-coordinating,BetaBetaAlpha-zinc finger,vertebrates,13.197,0.61,1,0,2080,22672,1,0.0089,2497,0.000694,9.878,2.476
PPP2R1A,ELK4,MA0076.1,Winged Helix-Turn-Helix,Ets,vertebrates,14.123,0.583,1,0,6034,18718,2,0.016,9342,0.00234,9.19,1.411
TNFSF10,HLF,MA0043.1,Zipper-Type,Leucine Zipper,vertebrates,11.147,0.394,1,0,5508,19244,3,0.0256,9969,0.00332,14.296,1.503
TNFSF10,ESR2,MA0258.1,Zinc-coordinating,Hormone-nuclear Receptor,vertebrates,13.618,0.546,1,0,2219,22533,1,0.0128,2670,0.00134,11.419,2.411
TNFSF10,CEBPA,MA0102.2,Zipper-Type,Leucine Zipper,vertebrates,8.712,0.358,1,0,12828,11924,7,0.0449,55606,0.0139,9.794,0.657
TNFSF10,Ddit3::Cebpa,MA0019.1,Zipper-Type,Leucine Zipper,vertebrates,11.652,0.483,1,0,5576,19176,2,0.0171,9754,0.00325,8.875,1.49
TNFSF10,FOXI1,MA0042.1,Winged Helix-Turn-Helix,Forkhead,vertebrates,13.183,0.263,1,0,11680,13072,5,0.0427,49366,0.0165,7.633,0.751
TNFSF10,Foxd3,MA0041.1,Winged Helix-Turn-Helix,Forkhead,vertebrates,12.945,0.223,1,0,11354,13398,5,0.0427,49535,0.0165,7.603,0.779
TNFSF10,HNF1A,MA0046.1,Helix-Turn-Helix,Homeo,vertebrates,15.548,0.259,1,0,3044,21708,1,0.00997,4352,0.00169,7.221,2.095
PALB2,Pax5,MA0014.1,Helix-Turn-Helix,Homeo,vertebrates,12.432,0.575,1,0,1224,23528,1,0.0265,1364,0.000758,25.047,3.006
PALB2,MIZF,MA0131.1,Zinc-coordinating,BetaBetaAlpha-zinc finger,vertebrates,13.197,0.61,1,0,2080,22672,1,0.0133,2497,0.000694,12.415,2.476
PALB2,ELK4,MA0076.1,Winged Helix-Turn-Helix,Ets,vertebrates,14.123,0.583,1,0,6034,18718,2,0.0239,9342,0.00234,11.872,1.411
PALB2,ELK1,MA0028.1,Winged Helix-Turn-Helix,Ets,vertebrates,8.812,0.568,1,0,13642,11110,4,0.0531,54748,0.0152,8.34,0.596
PALB2,Mycn,MA0104.2,Zipper-Type,Helix-Loop-Helix,vertebrates,11.104,0.699,1,0,8332,16420,2,0.0265,18928,0.00526,7.821,1.089
PALB2,GABPA,MA0062.2,Winged Helix-Turn-Helix,Ets,vertebrates,13.335,0.647,1,0,9355,15397,2,0.0292,20927,0.0064,7.618,0.973
RGS2,CTCF,MA0139.1,Zinc-coordinating,BetaBetaAlpha-zinc finger,vertebrates,17.205,0.645,1,0,3236,21516,1,0.0941,3982,0.0021,27.766,2.034
RGS2,CEBPA,MA0102.2,Zipper-Type,Leucine Zipper,vertebrates,8.712,0.358,1,0,12828,11924,4,0.178,55606,0.0139,19.642,0.657
RGS2,FOXF2,MA0030.1,Winged Helix-Turn-Helix,Forkhead,vertebrates,14.824,0.334,1,0,4097,20655,1,0.0693,6459,0.00251,18.26,1.798
RGS2,Tal1::Gata1,MA0140.1,Zipper-Type,Helix-Loop-Helix,vertebrates,11.297,0.451,1,0,6212,18540,1,0.0891,11200,0.0056,15.431,1.382
RGS2,Spz1,MA0111.1,Other,Other,vertebrates,11.907,0.538,1,0,6658,18094,1,0.0545,12530,0.00383,11.079,1.313
CYP1A2,NA,NA,NA,NA,NA,NA,NA,NA,NA,NA,NA,NA,NA,NA,NA,NA,NA
FMO3,NA,NA,NA,NA,NA,NA,NA,NA,NA,NA,NA,NA,NA,NA,NA,NA,NA
CALML3,Tcfcp2l1,MA0145.1,Other,CP2,vertebrates,11.65,0.609,1,0,10591,14161,1,0.359,32190,0.0125,18.737,0.849
CALML3,Zfx,MA0146.1,Zinc-coordinating,BetaBetaAlpha-zinc finger,vertebrates,13.077,0.749,1,0,9872,14880,1,0.359,33238,0.0129,18.42,0.919
CALML3,Foxa2,MA0047.2,Winged Helix-Turn-Helix,Forkhead,vertebrates,13.268,0.315,1,0,11656,13096,1,0.308,43535,0.0145,14.638,0.753
CALML3,RUNX1,MA0002.2,Ig-fold,Runt,vertebrates,10.401,0.502,1,0,13641,11111,1,0.282,58648,0.0179,11.828,0.596
CALML3,FOXA1,MA0148.1,Winged Helix-Turn-Helix,Forkhead,vertebrates,12.533,0.332,1,0,13355,11397,1,0.282,63112,0.0193,11.348,0.617
CALML3,Myb,MA0100.1,Helix-Turn-Helix,Myb,vertebrates,9.883,0.591,1,0,13518,11234,1,0.205,58600,0.013,9.874,0.605
CYTL1,NA,NA,NA,NA,NA,NA,NA,NA,NA,NA,NA,NA,NA,NA,NA,NA,NA
P2RY14,MAX,MA0058.1,Zipper-Type,Helix-Loop-Helix,vertebrates,12.685,0.571,1,0,7993,16759,2,0.044,15900,0.00442,12.363,1.13
P2RY14,Foxq1,MA0040.1,Winged Helix-Turn-Helix,Forkhead,vertebrates,14.07,0.202,1,0,8007,16745,2,0.0484,22088,0.00675,10.55,1.129
P2RY14,PBX1,MA0070.1,Helix-Turn-Helix,Homeo,vertebrates,14.641,0.31,1,0,4107,20645,1,0.0264,6634,0.00221,10.471,1.796
P2RY14,Myf,MA0055.1,Zipper-Type,Helix-Loop-Helix,vertebrates,15.914,0.609,1,0,10157,14595,2,0.0527,27519,0.00918,9.501,0.891
P2RY14,TBP,MA0108.2,Beta-sheet,TATA-binding,vertebrates,10.086,0.377,1,0,10389,14363,2,0.0659,33775,0.0141,9.19,0.868
P2RY14,TAL1::TCF3,MA0091.1,Zipper-Type,Helix-Loop-Helix,vertebrates,14.07,0.453,1,0,7491,17261,1,0.0264,14681,0.0049,6.228,1.195
P2RY14,FOXI1,MA0042.1,Winged Helix-Turn-Helix,Forkhead,vertebrates,13.183,0.263,1,0,11680,13072,2,0.0527,49366,0.0165,5.899,0.751
FGF7,Pax6,MA0069.1,Helix-Turn-Helix,Homeo,vertebrates,13.798,0.432,1,0,1218,23534,1,0.0134,1377,0.000536,17.291,3.011
FGF7,Nobox,MA0125.1,Helix-Turn-Helix,Homeo,vertebrates,9.573,0.26,1,0,13558,11194,9,0.0688,77190,0.0172,12.75,0.602
FGF7,CTCF,MA0139.1,Zinc-coordinating,BetaBetaAlpha-zinc finger,vertebrates,17.205,0.645,1,0,3236,21516,1,0.0182,3982,0.0021,11.004,2.034
FGF7,SRY,MA0084.1,Other Alpha-Helix,High Mobility Group,vertebrates,9.193,0.238,1,0,14714,10038,9,0.0774,101929,0.0255,10.562,0.52
FGF7,Lhx3,MA0135.1,Helix-Turn-Helix,Homeo,vertebrates,16.354,0.131,1,0,5806,18946,2,0.0249,12758,0.00461,9.44,1.45
FGF7,Myb,MA0100.1,Helix-Turn-Helix,Myb,vertebrates,9.883,0.591,1,0,13518,11234,6,0.0459,58600,0.013,9.237,0.605
IL17RC,NHLH1,MA0048.1,Zipper-Type,Helix-Loop-Helix,vertebrates,14.132,0.674,1,0,5783,18969,3,0.0352,9874,0.00329,17.547,1.454
IL17RC,Zfx,MA0146.1,Zinc-coordinating,BetaBetaAlpha-zinc finger,vertebrates,13.077,0.749,1,0,9872,14880,5,0.0685,33238,0.0129,15.585,0.919
IL17RC,SP1,MA0079.2,Zinc-coordinating,BetaBetaAlpha-zinc finger,vertebrates,11.129,0.82,1,0,12391,12361,9,0.0881,79797,0.0222,14.199,0.692
IL17RC,PPARG::RXRA,MA0065.2,Zinc-coordinating,Hormone-nuclear Receptor,vertebrates,11.663,0.547,1,0,6067,18685,2,0.0294,11080,0.00462,11.433,1.406
IL17RC,Arnt,MA0004.1,Zipper-Type,Helix-Loop-Helix,vertebrates,10.992,0.642,1,0,7052,17700,3,0.0176,13904,0.00232,9.842,1.255
IL17RC,ZEB1,MA0103.1,Zinc-coordinating,BetaBetaAlpha-zinc finger,vertebrates,8.305,0.557,1,0,17454,7298,13,0.0763,171132,0.0285,9.083,0.349
FJX1,CTCF,MA0139.1,Zinc-coordinating,BetaBetaAlpha-zinc finger,vertebrates,17.205,0.645,1,0,3236,21516,1,0.102,3982,0.0021,28.99,2.034
FJX1,Tal1::Gata1,MA0140.1,Zipper-Type,Helix-Loop-Helix,vertebrates,11.297,0.451,1,0,6212,18540,1,0.0968,11200,0.0056,16.169,1.382
FJX1,Zfp423,MA0116.1,Zinc-coordinating,BetaBetaAlpha-zinc finger,vertebrates,17.925,0.679,1,0,5691,19061,1,0.0806,10149,0.00423,15.493,1.47
FJX1,Spz1,MA0111.1,Other,Other,vertebrates,11.907,0.538,1,0,6658,18094,1,0.0591,12530,0.00383,11.619,1.313
FJX1,TAL1::TCF3,MA0091.1,Zipper-Type,Helix-Loop-Helix,vertebrates,14.07,0.453,1,0,7491,17261,1,0.0645,14681,0.0049,11.125,1.195
FJX1,Nkx2-5,MA0063.1,Helix-Turn-Helix,Homeo,vertebrates,8.27,0.218,1,0,16973,7779,5,0.188,197210,0.0384,10.447,0.377
SARAF,NA,NA,NA,NA,NA,NA,NA,NA,NA,NA,NA,NA,NA,NA,NA,NA,NA
BHLHE40,ELK1,MA0028.1,Winged Helix-Turn-Helix,Ets,vertebrates,8.812,0.568,1,0,13642,11110,14,0.0492,54748,0.0152,14.728,0.596
BHLHE40,REL,MA0101.1,Ig-fold,Rel,vertebrates,10.515,0.559,1,0,10514,14238,8,0.0281,29250,0.00813,11.764,0.856
BHLHE40,FEV,MA0156.1,Winged Helix-Turn-Helix,Ets,vertebrates,12.121,0.442,1,0,15402,9350,17,0.0478,81722,0.0182,11.757,0.474
BHLHE40,NF-kappaB,MA0061.1,Ig-fold,Rel,vertebrates,13.345,0.621,1,0,8381,16371,6,0.0211,18865,0.00524,11.569,1.083
BHLHE40,NFKB1,MA0105.1,Ig-fold,Rel,vertebrates,15.627,0.758,1,0,3946,20806,3,0.0116,6372,0.00195,11.458,1.836
BHLHE40,ELF5,MA0136.1,Winged Helix-Turn-Helix,Ets,vertebrates,8.693,0.429,1,0,16547,8205,19,0.0601,117435,0.0294,9.645,0.403
IFI16,Gfi,MA0038.1,Zinc-coordinating,BetaBetaAlpha-zinc finger,vertebrates,9.47,0.391,1,0,13731,11021,2,0.0673,65844,0.0183,6.09,0.589
IFI16,FOXD1,MA0031.1,Winged Helix-Turn-Helix,Forkhead,vertebrates,11.926,0.275,1,0,13087,11665,1,0.0269,62921,0.014,1.653,0.637
JUNB,Zfx,MA0146.1,Zinc-coordinating,BetaBetaAlpha-zinc finger,vertebrates,13.077,0.749,1,0,9872,14880,13,0.082,33238,0.0129,28.714,0.919
JUNB,Klf4,MA0039.2,Zinc-coordinating,BetaBetaAlpha-zinc finger,vertebrates,12.618,0.771,1,0,13645,11107,23,0.104,88731,0.0247,23.928,0.596
JUNB,SP1,MA0079.2,Zinc-coordinating,BetaBetaAlpha-zinc finger,vertebrates,11.129,0.82,1,0,12391,12361,19,0.0856,79797,0.0222,20.227,0.692
JUNB,MZF1_1-4,MA0056.1,Zinc-coordinating,BetaBetaAlpha-zinc finger,vertebrates,8.586,0.725,1,0,16863,7889,32,0.0865,201000,0.0335,13.818,0.384
JUNB,SRF,MA0083.1,Other Alpha-Helix,MADS,vertebrates,17.965,0.466,1,0,908,23844,1,0.00541,1019,0.00034,12.378,3.304
ZFP36,SP1,MA0079.2,Zinc-coordinating,BetaBetaAlpha-zinc finger,vertebrates,11.129,0.82,1,0,12391,12361,15,0.109,79797,0.0222,21.773,0.692
ZFP36,MZF1_5-13,MA0057.1,Zinc-coordinating,BetaBetaAlpha-zinc finger,vertebrates,9.4,0.588,1,0,13425,11327,14,0.102,77649,0.0216,20.363,0.612
ZFP36,NFKB1,MA0105.1,Ig-fold,Rel,vertebrates,15.627,0.758,1,0,3946,20806,3,0.024,6372,0.00195,18.226,1.836
ZFP36,MZF1_1-4,MA0056.1,Zinc-coordinating,BetaBetaAlpha-zinc finger,vertebrates,8.586,0.725,1,0,16863,7889,27,0.118,201000,0.0335,17.273,0.384
ZFP36,Egr1,MA0162.1,Zinc-coordinating,BetaBetaAlpha-zinc finger,vertebrates,14.456,0.739,1,0,6364,18388,4,0.032,12188,0.00373,16.973,1.358
ZFP36,NF-kappaB,MA0061.1,Ig-fold,Rel,vertebrates,13.345,0.621,1,0,8381,16371,5,0.0363,18865,0.00524,15.779,1.083
ZFP36,GABPA,MA0062.2,Winged Helix-Turn-Helix,Ets,vertebrates,13.335,0.647,1,0,9355,15397,5,0.0399,20927,0.0064,15.445,0.973
ZFP36,RELA,MA0107.1,Ig-fold,Rel,vertebrates,14.757,0.567,1,0,7171,17581,4,0.029,13690,0.0038,14.999,1.239
ZFP36,Klf4,MA0039.2,Zinc-coordinating,BetaBetaAlpha-zinc finger,vertebrates,12.618,0.771,1,0,13645,11107,12,0.0871,88731,0.0247,14.867,0.596
ZFP36,REL,MA0101.1,Ig-fold,Rel,vertebrates,10.515,0.559,1,0,10514,14238,6,0.0436,29250,0.00813,14.499,0.856
JUN,MIZF,MA0131.1,Zinc-coordinating,BetaBetaAlpha-zinc finger,vertebrates,13.197,0.61,1,0,2080,22672,1,0.00903,2497,0.000694,9.967,2.476
JUN,SP1,MA0079.2,Zinc-coordinating,BetaBetaAlpha-zinc finger,vertebrates,11.129,0.82,1,0,12391,12361,7,0.0632,79797,0.0222,9.176,0.692
JUN,CREB1,MA0018.2,Zipper-Type,Leucine Zipper,vertebrates,10.139,0.523,1,0,9204,15548,3,0.0217,19712,0.00438,8.486,0.989
JUN,Stat3,MA0144.1,Ig-fold,Stat,vertebrates,13.601,0.505,1,0,9883,14869,3,0.0271,23645,0.00657,8.269,0.918
JUN,EBF1,MA0154.1,Zipper-Type,Helix-Loop-Helix,vertebrates,11.564,0.648,1,0,11288,13464,4,0.0361,39149,0.0109,7.956,0.785
JUN,RUNX1,MA0002.2,Ig-fold,Runt,vertebrates,10.401,0.502,1,0,13641,11111,5,0.0497,58648,0.0179,7.85,0.596
TCIM,NA,NA,NA,NA,NA,NA,NA,NA,NA,NA,NA,NA,NA,NA,NA,NA,NA
NR4A2,Pax4,MA0068.1,Helix-Turn-Helix,Homeo,vertebrates,11.004,0.441,1,0,112,24640,1,0.00226,113,9.42E-05,25.242,5.389
NR4A2,Pdx1,MA0132.1,Helix-Turn-Helix,Homeo,vertebrates,9.04,0.194,1,0,15507,9245,100,0.0451,140973,0.0235,16.43,0.468
NR4A2,ARID3A,MA0151.1,Helix-Turn-Helix,Arid,vertebrates,9.896,0.062,1,0,16086,8666,113,0.051,166235,0.0277,16.325,0.431
NR4A2,Nkx2-5,MA0063.1,Helix-Turn-Helix,Homeo,vertebrates,8.27,0.218,1,0,16973,7779,121,0.0637,197210,0.0384,15.194,0.377
NR4A2,HOXA5,MA0158.1,Helix-Turn-Helix,Homeo,vertebrates,8.759,0.315,1,0,17629,7123,120,0.0722,205993,0.0458,14.548,0.339
SPON1,Pax6,MA0069.1,Helix-Turn-Helix,Homeo,vertebrates,13.798,0.432,1,0,1218,23534,1,0.00862,1377,0.000536,13.545,3.011
SPON1,PBX1,MA0070.1,Helix-Turn-Helix,Homeo,vertebrates,14.641,0.31,1,0,4107,20645,2,0.0148,6634,0.00221,10.515,1.796
SPON1,Evi1,MA0029.1,Zinc-coordinating,BetaBetaAlpha-zinc finger,vertebrates,17.909,0.28,1,0,1931,22821,1,0.00862,2457,0.000956,9.594,2.55
SPON1,NR3C1,MA0113.1,Zinc-coordinating,Hormone-nuclear Receptor,vertebrates,14.749,0.432,1,0,2522,22230,1,0.0111,3161,0.00158,9.326,2.283
SPON1,Sox17,MA0078.1,Other Alpha-Helix,High Mobility Group,vertebrates,10.502,0.384,1,0,13879,10873,8,0.0443,65883,0.0165,8.722,0.578
SPON1,NFATC2,MA0152.1,Ig-fold,Rel,vertebrates,9.859,0.346,1,0,15176,9576,11,0.0474,97757,0.019,8.289,0.489
SPON1,MIZF,MA0131.1,Zinc-coordinating,BetaBetaAlpha-zinc finger,vertebrates,13.197,0.61,1,0,2080,22672,1,0.00616,2497,0.000694,7.891,2.476
SPON1,EBF1,MA0154.1,Zipper-Type,Helix-Loop-Helix,vertebrates,11.564,0.648,1,0,11288,13464,5,0.0308,39149,0.0109,7.615,0.785
CCL4,HLF,MA0043.1,Zipper-Type,Leucine Zipper,vertebrates,11.147,0.394,1,0,5508,19244,1,0.0264,9969,0.00332,8.135,1.503
CCL4,SPIB,MA0081.1,Winged Helix-Turn-Helix,Ets,vertebrates,9.06,0.466,1,0,17547,7205,6,0.0923,175639,0.0342,6.699,0.344
CCL4,RELA,MA0107.1,Ig-fold,Rel,vertebrates,14.757,0.567,1,0,7171,17581,1,0.022,13690,0.0038,5.917,1.239
CCL4,MEF2A,MA0052.1,Other Alpha-Helix,MADS,vertebrates,15.709,0.179,1,0,7006,17746,1,0.022,15631,0.00434,5.364,1.262
CCL4,Nkx3-2,MA0122.1,Helix-Turn-Helix,Homeo,vertebrates,8.542,0.463,1,0,15425,9327,3,0.0593,91612,0.0229,5.037,0.473
CCL4,NF-kappaB,MA0061.1,Ig-fold,Rel,vertebrates,13.345,0.621,1,0,8381,16371,1,0.022,18865,0.00524,4.619,1.083
CCL4,CREB1,MA0018.2,Zipper-Type,Leucine Zipper,vertebrates,10.139,0.523,1,0,9204,15548,1,0.0176,19712,0.00438,3.908,0.989
CCL4,ELF5,MA0136.1,Winged Helix-Turn-Helix,Ets,vertebrates,8.693,0.429,1,0,16547,8205,3,0.0593,117435,0.0294,3.648,0.403
CCL3,NFKB1,MA0105.1,Ig-fold,Rel,vertebrates,15.627,0.758,1,0,3946,20806,1,0.0286,6372,0.00195,11.288,1.836
CCL3,STAT1,MA0137.2,Ig-fold,Stat,vertebrates,13.119,0.452,1,0,6394,18358,1,0.0391,10990,0.00458,9.629,1.353
CCL3,FEV,MA0156.1,Winged Helix-Turn-Helix,Ets,vertebrates,12.121,0.442,1,0,15402,9350,4,0.0833,81722,0.0182,9.371,0.474
CCL3,NFE2L2,MA0150.1,Zipper-Type,Leucine Zipper,vertebrates,14.394,0.486,1,0,5635,19117,1,0.0286,8970,0.00274,9.22,1.48
CCL3,YY1,MA0095.1,Zinc-coordinating,BetaBetaAlpha-zinc finger,vertebrates,8.101,0.51,1,0,17190,7562,6,0.0938,165054,0.0275,7.778,0.365
CCL3,ELF5,MA0136.1,Winged Helix-Turn-Helix,Ets,vertebrates,8.693,0.429,1,0,16547,8205,4,0.0938,117435,0.0294,7.321,0.403
CCL3,RELA,MA0107.1,Ig-fold,Rel,vertebrates,14.757,0.567,1,0,7171,17581,1,0.026,13690,0.0038,6.664,1.239
ATP13A3,Pax5,MA0014.1,Helix-Turn-Helix,Homeo,vertebrates,12.432,0.575,1,0,1224,23528,1,0.00636,1364,0.000758,11.085,3.006
ATP13A3,MEF2A,MA0052.1,Other Alpha-Helix,MADS,vertebrates,15.709,0.179,1,0,7006,17746,5,0.0159,15631,0.00434,9.713,1.262
ATP13A3,SRY,MA0084.1,Other Alpha-Helix,High Mobility Group,vertebrates,9.193,0.238,1,0,14714,10038,18,0.0515,101929,0.0255,9.193,0.52
ATP13A3,Pax6,MA0069.1,Helix-Turn-Helix,Homeo,vertebrates,13.798,0.432,1,0,1218,23534,1,0.00445,1377,0.000536,9.102,3.011
ATP13A3,Foxa2,MA0047.2,Winged Helix-Turn-Helix,Forkhead,vertebrates,13.268,0.315,1,0,11656,13096,8,0.0305,43535,0.0145,7.425,0.753
ATP13A3,HNF4A,MA0114.1,Zinc-coordinating,Hormone-nuclear Receptor,vertebrates,9.617,0.522,1,0,6389,18363,3,0.0124,11240,0.00406,7.211,1.354
ATP13A3,FOXF2,MA0030.1,Winged Helix-Turn-Helix,Forkhead,vertebrates,14.824,0.334,1,0,4097,20655,2,0.0089,6459,0.00251,6.976,1.798
ATP13A3,SOX9,MA0077.1,Other Alpha-Helix,High Mobility Group,vertebrates,9.079,0.358,1,0,11417,13335,8,0.0229,41403,0.0104,6.853,0.774
CCL3L1,SRF,MA0083.1,Other Alpha-Helix,MADS,vertebrates,17.965,0.466,1,0,908,23844,1,0.0876,1019,0.00034,53.095,3.304
CCL3L1,STAT1,MA0137.2,Ig-fold,Stat,vertebrates,13.119,0.452,1,0,6394,18358,1,0.109,10990,0.00458,17.552,1.353
CCL3L1,NFE2L2,MA0150.1,Zipper-Type,Leucine Zipper,vertebrates,14.394,0.486,1,0,5635,19117,1,0.0803,8970,0.00274,16.542,1.48
ADCYAP1,IRF1,MA0050.1,Winged Helix-Turn-Helix,IRF,vertebrates,16.008,0.383,1,0,6075,18677,5,0.0177,11517,0.00384,12.922,1.405
ADCYAP1,IRF2,MA0051.1,Winged Helix-Turn-Helix,IRF,vertebrates,21.134,0.412,1,0,844,23908,1,0.00532,923,0.000462,12.752,3.377
ADCYAP1,Nkx2-5,MA0063.1,Helix-Turn-Helix,Homeo,vertebrates,8.27,0.218,1,0,16973,7779,35,0.0724,197210,0.0384,10.261,0.377
ADCYAP1,REL,MA0101.1,Ig-fold,Rel,vertebrates,10.515,0.559,1,0,10514,14238,8,0.0236,29250,0.00813,9.952,0.856
ADCYAP1,Lhx3,MA0135.1,Helix-Turn-Helix,Homeo,vertebrates,16.354,0.131,1,0,5806,18946,4,0.0154,12758,0.00461,9.11,1.45
FLRT3,ARID3A,MA0151.1,Helix-Turn-Helix,Arid,vertebrates,9.896,0.062,1,0,16086,8666,65,0.0611,166235,0.0277,16.197,0.431
FLRT3,Lhx3,MA0135.1,Helix-Turn-Helix,Homeo,vertebrates,16.354,0.131,1,0,5806,18946,9,0.0183,12758,0.00461,16.085,1.45
FLRT3,Nkx2-5,MA0063.1,Helix-Turn-Helix,Homeo,vertebrates,8.27,0.218,1,0,16973,7779,67,0.0734,197210,0.0384,14.561,0.377
FLRT3,Foxd3,MA0041.1,Winged Helix-Turn-Helix,Forkhead,vertebrates,12.945,0.223,1,0,11354,13398,20,0.0376,49535,0.0165,13.156,0.779
FLRT3,TBP,MA0108.2,Beta-sheet,TATA-binding,vertebrates,10.086,0.377,1,0,10389,14363,14,0.0329,33775,0.0141,12.701,0.868
FLRT3,FOXI1,MA0042.1,Winged Helix-Turn-Helix,Forkhead,vertebrates,13.183,0.263,1,0,11680,13072,19,0.0357,49366,0.0165,12.033,0.751
FLRT3,HOXA5,MA0158.1,Helix-Turn-Helix,Homeo,vertebrates,8.759,0.315,1,0,17629,7123,61,0.0764,205993,0.0458,11.675,0.339
ATP8B1,Pax5,MA0014.1,Helix-Turn-Helix,Homeo,vertebrates,12.432,0.575,1,0,1224,23528,1,0.0192,1364,0.000758,21.082,3.006
ATP8B1,Klf4,MA0039.2,Zinc-coordinating,BetaBetaAlpha-zinc finger,vertebrates,12.618,0.771,1,0,13645,11107,7,0.0673,88731,0.0247,8.77,0.596
ATP8B1,Myf,MA0055.1,Zipper-Type,Helix-Loop-Helix,vertebrates,15.914,0.609,1,0,10157,14595,3,0.0346,27519,0.00918,8.441,0.891
ETNPPL,NA,NA,NA,NA,NA,NA,NA,NA,NA,NA,NA,NA,NA,NA,NA,NA,NA
PIP4K2A,NHLH1,MA0048.1,Zipper-Type,Helix-Loop-Helix,vertebrates,14.132,0.674,1,0,5783,18969,3,0.0199,9874,0.00329,12.135,1.454
PIP4K2A,HNF4A,MA0114.1,Zinc-coordinating,Hormone-nuclear Receptor,vertebrates,9.617,0.522,1,0,6389,18363,3,0.0216,11240,0.00406,11.528,1.354
PIP4K2A,Myb,MA0100.1,Helix-Turn-Helix,Myb,vertebrates,9.883,0.591,1,0,13518,11234,8,0.0354,58600,0.013,8.291,0.605
PIP4K2A,Myf,MA0055.1,Zipper-Type,Helix-Loop-Helix,vertebrates,15.914,0.609,1,0,10157,14595,4,0.0266,27519,0.00918,7.628,0.891
PIP4K2A,NFE2L2,MA0150.1,Zipper-Type,Leucine Zipper,vertebrates,14.394,0.486,1,0,5635,19117,2,0.0122,8970,0.00274,7.444,1.48
PIP4K2A,PPARG::RXRA,MA0065.2,Zinc-coordinating,Hormone-nuclear Receptor,vertebrates,11.663,0.547,1,0,6067,18685,2,0.0166,11080,0.00462,7.34,1.406
ANK1,REST,MA0138.2,Zinc-coordinating,BetaBetaAlpha-zinc finger,vertebrates,23.134,0.596,1,0,232,24520,1,0.0101,242,0.000141,37.379,4.666
ANK1,TLX1::NFIC,MA0119.1,Helix-Turn-Helix::Other,Homeo::Nuclear Factor I-CCAAT-binding,vertebrates,19.665,0.598,1,0,1066,23686,1,0.00676,1162,0.000452,12.992,3.144
ANK1,FOXF2,MA0030.1,Winged Helix-Turn-Helix,Forkhead,vertebrates,14.824,0.334,1,0,4097,20655,2,0.0135,6459,0.00251,9.79,1.798
CASK,IRF2,MA0051.1,Winged Helix-Turn-Helix,IRF,vertebrates,21.134,0.412,1,0,844,23908,2,0.00493,923,0.000462,17.498,3.377
CASK,NFIL3,MA0025.1,Zipper-Type,Leucine Zipper,vertebrates,14.139,0.265,1,0,6731,18021,10,0.0151,15828,0.00484,12.503,1.302
CASK,IRF1,MA0050.1,Winged Helix-Turn-Helix,IRF,vertebrates,16.008,0.383,1,0,6075,18677,7,0.0115,11517,0.00384,10.487,1.405
CASK,HOXA5,MA0158.1,Helix-Turn-Helix,Homeo,vertebrates,8.759,0.315,1,0,17629,7123,61,0.0668,205993,0.0458,8.56,0.339
COL15A1,TLX1::NFIC,MA0119.1,Helix-Turn-Helix::Other,Homeo::Nuclear Factor I-CCAAT-binding,vertebrates,19.665,0.598,1,0,1066,23686,1,0.0187,1162,0.000452,22.656,3.144
COL15A1,RREB1,MA0073.1,Zinc-coordinating,BetaBetaAlpha-zinc finger,vertebrates,22.278,0.623,1,0,1520,23232,1,0.0268,1839,0.00102,21.455,2.79
COL15A1,PLAG1,MA0163.1,Zinc-coordinating,BetaBetaAlpha-zinc finger,vertebrates,19.352,0.798,1,0,1971,22781,1,0.0187,2462,0.000958,15.122,2.53
COL15A1,PPARG::RXRA,MA0065.2,Zinc-coordinating,Hormone-nuclear Receptor,vertebrates,11.663,0.547,1,0,6067,18685,2,0.0402,11080,0.00462,14.058,1.406
COL15A1,NHLH1,MA0048.1,Zipper-Type,Helix-Loop-Helix,vertebrates,14.132,0.674,1,0,5783,18969,2,0.0321,9874,0.00329,13.439,1.454
COL15A1,HNF4A,MA0114.1,Zinc-coordinating,Hormone-nuclear Receptor,vertebrates,9.617,0.522,1,0,6389,18363,2,0.0348,11240,0.00406,12.927,1.354
COL15A1,Sox2,MA0143.1,Other Alpha-Helix,High Mobility Group,vertebrates,12.951,0.361,1,0,2809,21943,1,0.0201,3844,0.0016,12.17,2.176
COL8A2,INSM1,MA0155.1,Zinc-coordinating,BetaBetaAlpha-zinc finger,vertebrates,14.862,0.667,1,0,7588,17164,3,0.0368,17685,0.0059,12.409,1.182
COL8A2,MYC::MAX,MA0059.1,Zipper-Type,Helix-Loop-Helix,vertebrates,14.237,0.602,1,0,3436,21316,1,0.0112,4535,0.00139,7.854,1.974
COL8A2,MAX,MA0058.1,Zipper-Type,Helix-Loop-Helix,vertebrates,12.685,0.571,1,0,7993,16759,2,0.0204,15900,0.00442,7.313,1.13
COL8A2,Myc,MA0147.1,Zipper-Type,Helix-Loop-Helix,vertebrates,11.157,0.686,1,0,8288,16464,2,0.0204,18476,0.00513,6.473,1.094
COL8A2,Mycn,MA0104.2,Zipper-Type,Helix-Loop-Helix,vertebrates,11.104,0.699,1,0,8332,16420,2,0.0204,18928,0.00526,6.341,1.089
COL8A2,MZF1_5-13,MA0057.1,Zinc-coordinating,BetaBetaAlpha-zinc finger,vertebrates,9.4,0.588,1,0,13425,11327,5,0.0511,77649,0.0216,6.242,0.612
COL8A2,NFYA,MA0060.1,Other Alpha-Helix,NFY CCAAT-binding,vertebrates,12.925,0.523,1,0,5865,18887,1,0.0163,9476,0.00421,5.613,1.44
COL8A2,Klf4,MA0039.2,Zinc-coordinating,BetaBetaAlpha-zinc finger,vertebrates,12.618,0.771,1,0,13645,11107,5,0.0511,88731,0.0247,5.227,0.596
COL14A1,HOXA5,MA0158.1,Helix-Turn-Helix,Homeo,vertebrates,8.759,0.315,1,0,17629,7123,27,0.0973,205993,0.0458,11.552,0.339
COL14A1,STAT1,MA0137.2,Ig-fold,Stat,vertebrates,13.119,0.452,1,0,6394,18358,3,0.0203,10990,0.00458,10.787,1.353
COL14A1,Ddit3::Cebpa,MA0019.1,Zipper-Type,Leucine Zipper,vertebrates,11.652,0.483,1,0,5576,19176,3,0.0162,9754,0.00325,10.538,1.49
COL14A1,PBX1,MA0070.1,Helix-Turn-Helix,Homeo,vertebrates,14.641,0.31,1,0,4107,20645,2,0.0108,6634,0.00221,8.395,1.796
COL4A5,Ddit3::Cebpa,MA0019.1,Zipper-Type,Leucine Zipper,vertebrates,11.652,0.483,1,0,5576,19176,4,0.0134,9754,0.00325,10.547,1.49
COL4A5,MEF2A,MA0052.1,Other Alpha-Helix,MADS,vertebrates,15.709,0.179,1,0,7006,17746,5,0.014,15631,0.00434,8.649,1.262
COL4A5,Nkx2-5,MA0063.1,Helix-Turn-Helix,Homeo,vertebrates,8.27,0.218,1,0,16973,7779,33,0.0647,197210,0.0384,8.148,0.377
COL4A5,RORA_2,MA0072.1,Zinc-coordinating,Hormone-nuclear Receptor,vertebrates,17.425,0.369,1,0,3571,21181,2,0.00784,5079,0.00198,7.704,1.936
COL4A5,FOXD1,MA0031.1,Winged Helix-Turn-Helix,Forkhead,vertebrates,11.926,0.275,1,0,13087,11665,13,0.0291,62921,0.014,7.631,0.637
ITGAV,IRF2,MA0051.1,Winged Helix-Turn-Helix,IRF,vertebrates,21.134,0.412,1,0,844,23908,1,0.0148,923,0.000462,22.593,3.377
ITGAV,Sox17,MA0078.1,Other Alpha-Helix,High Mobility Group,vertebrates,10.502,0.384,1,0,13879,10873,9,0.0665,65883,0.0165,13.603,0.578
ITGAV,Esrrb,MA0141.1,Zinc-coordinating,Hormone-nuclear Receptor,vertebrates,12.806,0.524,1,0,10167,14585,4,0.0394,26346,0.00878,11.3,0.89
ITGAV,ARID3A,MA0151.1,Helix-Turn-Helix,Arid,vertebrates,9.896,0.062,1,0,16086,8666,15,0.0739,166235,0.0277,9.73,0.431
ITGAV,RORA_1,MA0071.1,Zinc-coordinating,Hormone-nuclear Receptor,vertebrates,13.19,0.424,1,0,8624,16128,3,0.0246,18895,0.00525,9.161,1.054
ITGAV,SOX9,MA0077.1,Other Alpha-Helix,High Mobility Group,vertebrates,9.079,0.358,1,0,11417,13335,5,0.0369,41403,0.0104,9.026,0.774
PON2,Nkx2-5,MA0063.1,Helix-Turn-Helix,Homeo,vertebrates,8.27,0.218,1,0,16973,7779,31,0.0916,197210,0.0384,13.432,0.377
PON2,RORA_1,MA0071.1,Zinc-coordinating,Hormone-nuclear Receptor,vertebrates,13.19,0.424,1,0,8624,16128,6,0.0253,18895,0.00525,13.375,1.054
PON2,Nr2e3,MA0164.1,Zinc-coordinating,Hormone-nuclear Receptor,vertebrates,12.028,0.373,1,0,6354,18398,5,0.0148,12287,0.00239,12.131,1.36
PON2,Pax6,MA0069.1,Helix-Turn-Helix,Homeo,vertebrates,13.798,0.432,1,0,1218,23534,1,0.00591,1377,0.000536,10.858,3.011
PON2,Foxq1,MA0040.1,Winged Helix-Turn-Helix,Forkhead,vertebrates,14.07,0.202,1,0,8007,16745,5,0.0232,22088,0.00675,9.657,1.129
DST,SRY,MA0084.1,Other Alpha-Helix,High Mobility Group,vertebrates,9.193,0.238,1,0,14714,10038,65,0.0467,101929,0.0255,15.008,0.52
DST,FOXI1,MA0042.1,Winged Helix-Turn-Helix,Forkhead,vertebrates,13.183,0.263,1,0,11680,13072,35,0.0335,49366,0.0165,14.956,0.751
DST,FOXA1,MA0148.1,Winged Helix-Turn-Helix,Forkhead,vertebrates,12.533,0.332,1,0,13355,11397,41,0.036,63112,0.0193,13.545,0.617
DST,Foxq1,MA0040.1,Winged Helix-Turn-Helix,Forkhead,vertebrates,14.07,0.202,1,0,8007,16745,19,0.0167,22088,0.00675,13.506,1.129
DST,Foxa2,MA0047.2,Winged Helix-Turn-Helix,Forkhead,vertebrates,13.268,0.315,1,0,11656,13096,30,0.0287,43535,0.0145,13.251,0.753
DST,Tal1::Gata1,MA0140.1,Zipper-Type,Helix-Loop-Helix,vertebrates,11.297,0.451,1,0,6212,18540,10,0.0144,11200,0.0056,13.073,1.382
MYOZ2,PLAG1,MA0163.1,Zinc-coordinating,BetaBetaAlpha-zinc finger,vertebrates,19.352,0.798,1,0,1971,22781,1,0.015,2462,0.000958,13.326,2.53
MYOZ2,MEF2A,MA0052.1,Other Alpha-Helix,MADS,vertebrates,15.709,0.179,1,0,7006,17746,3,0.0321,15631,0.00434,12.651,1.262
MYOZ2,ELF5,MA0136.1,Winged Helix-Turn-Helix,Ets,vertebrates,8.693,0.429,1,0,16547,8205,9,0.0866,117435,0.0294,10.274,0.403
MYOZ2,Myb,MA0100.1,Helix-Turn-Helix,Myb,vertebrates,9.883,0.591,1,0,13518,11234,6,0.0513,58600,0.013,10.187,0.605
MYOZ2,FOXD1,MA0031.1,Winged Helix-Turn-Helix,Forkhead,vertebrates,11.926,0.275,1,0,13087,11665,6,0.0513,62921,0.014,9.586,0.637
CAMK2A,MZF1_5-13,MA0057.1,Zinc-coordinating,BetaBetaAlpha-zinc finger,vertebrates,9.4,0.588,1,0,13425,11327,21,0.0615,77649,0.0216,16.011,0.612
CAMK2A,MZF1_1-4,MA0056.1,Zinc-coordinating,BetaBetaAlpha-zinc finger,vertebrates,8.586,0.725,1,0,16863,7889,39,0.0686,201000,0.0335,11.335,0.384
CAMK2A,SP1,MA0079.2,Zinc-coordinating,BetaBetaAlpha-zinc finger,vertebrates,11.129,0.82,1,0,12391,12361,17,0.0498,79797,0.0222,10.911,0.692
CAMK2A,Pax5,MA0014.1,Helix-Turn-Helix,Homeo,vertebrates,12.432,0.575,1,0,1224,23528,1,0.00586,1364,0.000758,10.521,3.006
CAMK2A,EBF1,MA0154.1,Zipper-Type,Helix-Loop-Helix,vertebrates,11.564,0.648,1,0,11288,13464,9,0.0264,39149,0.0109,8.645,0.785
CAMK2A,Zfp423,MA0116.1,Zinc-coordinating,BetaBetaAlpha-zinc finger,vertebrates,17.925,0.679,1,0,5691,19061,3,0.0132,10149,0.00423,7.931,1.47
RBM39,HNF1A,MA0046.1,Helix-Turn-Helix,Homeo,vertebrates,15.548,0.259,1,0,3044,21708,3,0.0168,4352,0.00169,18.157,2.095
RBM39,Foxq1,MA0040.1,Winged Helix-Turn-Helix,Forkhead,vertebrates,14.07,0.202,1,0,8007,16745,8,0.0353,22088,0.00675,17.279,1.129
RBM39,znf143,MA0088.1,Zinc-coordinating,BetaBetaAlpha-zinc finger,vertebrates,17.541,0.53,1,0,1301,23451,1,0.00802,1473,0.000819,12.224,2.945
RBM39,CEBPA,MA0102.2,Zipper-Type,Leucine Zipper,vertebrates,8.712,0.358,1,0,12828,11924,11,0.0397,55606,0.0139,10.913,0.657
RBM39,Foxd3,MA0041.1,Winged Helix-Turn-Helix,Forkhead,vertebrates,12.945,0.223,1,0,11354,13398,9,0.0433,49535,0.0165,10.417,0.779
PHLDA2,GABPA,MA0062.2,Winged Helix-Turn-Helix,Ets,vertebrates,13.335,0.647,1,0,9355,15397,2,0.126,20927,0.0064,19.325,0.973
PHLDA2,NFE2L2,MA0150.1,Zipper-Type,Leucine Zipper,vertebrates,14.394,0.486,1,0,5635,19117,1,0.0629,8970,0.00274,14.486,1.48
PHLDA2,IRF1,MA0050.1,Winged Helix-Turn-Helix,IRF,vertebrates,16.008,0.383,1,0,6075,18677,1,0.0686,11517,0.00384,13.234,1.405
PHLDA2,ELK4,MA0076.1,Winged Helix-Turn-Helix,Ets,vertebrates,14.123,0.583,1,0,6034,18718,1,0.0514,9342,0.00234,12.669,1.411
PHLDA2,Egr1,MA0162.1,Zinc-coordinating,BetaBetaAlpha-zinc finger,vertebrates,14.456,0.739,1,0,6364,18388,1,0.0629,12188,0.00373,12.22,1.358
PHLDA2,FEV,MA0156.1,Winged Helix-Turn-Helix,Ets,vertebrates,12.121,0.442,1,0,15402,9350,3,0.137,81722,0.0182,11.502,0.474
PHLDA2,RELA,MA0107.1,Ig-fold,Rel,vertebrates,14.757,0.567,1,0,7171,17581,1,0.0571,13690,0.0038,10.848,1.239
SORT1,RORA_2,MA0072.1,Zinc-coordinating,Hormone-nuclear Receptor,vertebrates,17.425,0.369,1,0,3571,21181,3,0.00791,5079,0.00198,9.581,1.936
SORT1,MEF2A,MA0052.1,Other Alpha-Helix,MADS,vertebrates,15.709,0.179,1,0,7006,17746,6,0.0113,15631,0.00434,7.602,1.262
SORT1,RREB1,MA0073.1,Zinc-coordinating,BetaBetaAlpha-zinc finger,vertebrates,22.278,0.623,1,0,1520,23232,1,0.00377,1839,0.00102,6.043,2.79
SORT1,NFYA,MA0060.1,Other Alpha-Helix,NFY CCAAT-binding,vertebrates,12.925,0.523,1,0,5865,18887,3,0.00904,9476,0.00421,5.323,1.44
SORT1,CREB1,MA0018.2,Zipper-Type,Leucine Zipper,vertebrates,10.139,0.523,1,0,9204,15548,6,0.00904,19712,0.00438,5.033,0.989
SORT1,Gfi,MA0038.1,Zinc-coordinating,BetaBetaAlpha-zinc finger,vertebrates,9.47,0.391,1,0,13731,11021,14,0.0264,65844,0.0183,4.334,0.589
SCLY,Foxq1,MA0040.1,Winged Helix-Turn-Helix,Forkhead,vertebrates,14.07,0.202,1,0,8007,16745,1,0.0083,22088,0.00675,0.522,1.129
TPSB2,GABPA,MA0062.2,Winged Helix-Turn-Helix,Ets,vertebrates,13.335,0.647,1,0,9355,15397,1,0.164,20927,0.0064,15.434,0.973
TPSB2,Hand1::Tcfe2a,MA0092.1,Zipper-Type,Helix-Loop-Helix,vertebrates,10.144,0.507,1,0,13286,11466,1,0.149,54768,0.0152,8.463,0.622
TPSB2,MZF1_5-13,MA0057.1,Zinc-coordinating,BetaBetaAlpha-zinc finger,vertebrates,9.4,0.588,1,0,13425,11327,1,0.149,77649,0.0216,6.772,0.612
NRXN2,SP1,MA0079.2,Zinc-coordinating,BetaBetaAlpha-zinc finger,vertebrates,11.129,0.82,1,0,12391,12361,85,0.0584,79797,0.0222,29.644,0.692
NRXN2,MZF1_1-4,MA0056.1,Zinc-coordinating,BetaBetaAlpha-zinc finger,vertebrates,8.586,0.725,1,0,16863,7889,180,0.0742,201000,0.0335,27.245,0.384
NRXN2,EBF1,MA0154.1,Zipper-Type,Helix-Loop-Helix,vertebrates,11.564,0.648,1,0,11288,13464,47,0.0323,39149,0.0109,24.858,0.785
NRXN2,NR1H2::RXRA,MA0115.1,Zinc-coordinating,Hormone-nuclear Receptor,vertebrates,27.878,0.445,1,0,99,24653,1,0.00117,100,4.72E-05,19.068,5.512
NRXN2,Zfp423,MA0116.1,Zinc-coordinating,BetaBetaAlpha-zinc finger,vertebrates,17.925,0.679,1,0,5691,19061,13,0.0134,10149,0.00423,16.973,1.47
RAP1B,Evi1,MA0029.1,Zinc-coordinating,BetaBetaAlpha-zinc finger,vertebrates,17.909,0.28,1,0,1931,22821,1,0.00889,2457,0.000956,9.785,2.55
RAP1B,PLAG1,MA0163.1,Zinc-coordinating,BetaBetaAlpha-zinc finger,vertebrates,19.352,0.798,1,0,1971,22781,1,0.00889,2462,0.000958,9.772,2.53
RAP1B,NF-kappaB,MA0061.1,Ig-fold,Rel,vertebrates,13.345,0.621,1,0,8381,16371,3,0.0191,18865,0.00524,7.417,1.083
RAP1B,GABPA,MA0062.2,Winged Helix-Turn-Helix,Ets,vertebrates,13.335,0.647,1,0,9355,15397,3,0.021,20927,0.0064,7.092,0.973
RAP1B,MZF1_5-13,MA0057.1,Zinc-coordinating,BetaBetaAlpha-zinc finger,vertebrates,9.4,0.588,1,0,13425,11327,7,0.0445,77649,0.0216,6.165,0.612
RAP1B,Pou5f1,MA0142.1,Helix-Turn-Helix,Homeo,vertebrates,14.808,0.308,1,0,3402,21350,1,0.00953,5205,0.00217,6.005,1.984
IL33,Myc,MA0147.1,Zipper-Type,Helix-Loop-Helix,vertebrates,11.157,0.686,1,0,8288,16464,1,0.0142,18476,0.00513,3.104,1.094
IL33,CEBPA,MA0102.2,Zipper-Type,Leucine Zipper,vertebrates,8.712,0.358,1,0,12828,11924,2,0.0256,55606,0.0139,2.482,0.657
IL33,USF1,MA0093.1,Zipper-Type,Helix-Loop-Helix,vertebrates,11.29,0.643,1,0,9330,15422,1,0.00994,21993,0.00428,2.014,0.976
IL33,TBP,MA0108.2,Beta-sheet,TATA-binding,vertebrates,10.086,0.377,1,0,10389,14363,1,0.0213,33775,0.0141,1.468,0.868
IL33,FOXO3,MA0157.1,Winged Helix-Turn-Helix,Forkhead,vertebrates,11.734,0.298,1,0,13611,11141,2,0.0227,69410,0.0154,1.418,0.598
IL33,Arnt::Ahr,MA0006.1,Zipper-Type,Helix-Loop-Helix,vertebrates,9.532,0.715,1,0,13597,11155,2,0.017,66086,0.011,1.352,0.599
IL33,Sox5,MA0087.1,Other Alpha-Helix,High Mobility Group,vertebrates,10.831,0.199,1,0,13087,11665,2,0.0199,72042,0.014,1.166,0.637
RBM7,Foxd3,MA0041.1,Winged Helix-Turn-Helix,Forkhead,vertebrates,12.945,0.223,1,0,11354,13398,2,0.289,49535,0.0165,19.058,0.779
RBM7,Nkx3-2,MA0122.1,Helix-Turn-Helix,Homeo,vertebrates,8.542,0.463,1,0,15425,9327,2,0.217,91612,0.0229,11.443,0.473
RBM7,FOXI1,MA0042.1,Winged Helix-Turn-Helix,Forkhead,vertebrates,13.183,0.263,1,0,11680,13072,1,0.145,49366,0.0165,8.742,0.751
RBM7,Myb,MA0100.1,Helix-Turn-Helix,Myb,vertebrates,9.883,0.591,1,0,13518,11234,1,0.0964,58600,0.013,6.214,0.605
SPRY1,ELK4,MA0076.1,Winged Helix-Turn-Helix,Ets,vertebrates,14.123,0.583,1,0,6034,18718,4,0.0179,9342,0.00234,14.232,1.411
SPRY1,RXR::RAR_DR5,MA0159.1,Zinc-coordinating,Hormone-nuclear Receptor,vertebrates,16.004,0.535,1,0,1313,23439,1,0.00846,1499,0.000708,12.642,2.936
SPRY1,ELF5,MA0136.1,Winged Helix-Turn-Helix,Ets,vertebrates,8.693,0.429,1,0,16547,8205,17,0.0761,117435,0.0294,12.348,0.403
SPRY1,FOXA1,MA0148.1,Winged Helix-Turn-Helix,Forkhead,vertebrates,12.533,0.332,1,0,13355,11397,10,0.0547,63112,0.0193,11.469,0.617
SPRY1,FOXD1,MA0031.1,Winged Helix-Turn-Helix,Forkhead,vertebrates,11.926,0.275,1,0,13087,11665,11,0.0438,62921,0.014,11.279,0.637
SPRY1,FOXI1,MA0042.1,Winged Helix-Turn-Helix,Forkhead,vertebrates,13.183,0.263,1,0,11680,13072,8,0.0478,49366,0.0165,10.941,0.751
TDG,STAT1,MA0137.2,Ig-fold,Stat,vertebrates,13.119,0.452,1,0,6394,18358,1,0.0162,10990,0.00458,4.982,1.353
TDG,Zfx,MA0146.1,Zinc-coordinating,BetaBetaAlpha-zinc finger,vertebrates,13.077,0.749,1,0,9872,14880,2,0.0302,33238,0.0129,4.504,0.919
TDG,MEF2A,MA0052.1,Other Alpha-Helix,MADS,vertebrates,15.709,0.179,1,0,7006,17746,1,0.0108,15631,0.00434,2.73,1.262
TDG,Arnt,MA0004.1,Zipper-Type,Helix-Loop-Helix,vertebrates,10.992,0.642,1,0,7052,17700,1,0.00647,13904,0.00232,2.286,1.255
TDG,Mycn,MA0104.2,Zipper-Type,Helix-Loop-Helix,vertebrates,11.104,0.699,1,0,8332,16420,1,0.0108,18928,0.00526,2.096,1.089
TDG,Stat3,MA0144.1,Ig-fold,Stat,vertebrates,13.601,0.505,1,0,9883,14869,1,0.0108,23645,0.00657,1.383,0.918
NT5E,Spz1,MA0111.1,Other,Other,vertebrates,11.907,0.538,1,0,6658,18094,1,0.0163,12530,0.00383,4.932,1.313
NT5E,TAL1::TCF3,MA0091.1,Zipper-Type,Helix-Loop-Helix,vertebrates,14.07,0.453,1,0,7491,17261,1,0.0178,14681,0.0049,4.52,1.195
NT5E,Foxq1,MA0040.1,Winged Helix-Turn-Helix,Forkhead,vertebrates,14.07,0.202,1,0,8007,16745,1,0.0163,22088,0.00675,2.793,1.129
NT5E,Myf,MA0055.1,Zipper-Type,Helix-Loop-Helix,vertebrates,15.914,0.609,1,0,10157,14595,1,0.0178,27519,0.00918,2.142,0.891
RANBP1,MYC::MAX,MA0059.1,Zipper-Type,Helix-Loop-Helix,vertebrates,14.237,0.602,1,0,3436,21316,4,0.0146,4535,0.00139,19.251,1.974
RANBP1,RXRA::VDR,MA0074.1,Zinc-coordinating,Hormone-nuclear Receptor,vertebrates,20.451,0.527,1,0,453,24299,1,0.00498,475,0.000198,18,3.999
RANBP1,Zfx,MA0146.1,Zinc-coordinating,BetaBetaAlpha-zinc finger,vertebrates,13.077,0.749,1,0,9872,14880,10,0.0464,33238,0.0129,16.209,0.919
RANBP1,Mycn,MA0104.2,Zipper-Type,Helix-Loop-Helix,vertebrates,11.104,0.699,1,0,8332,16420,8,0.0265,18928,0.00526,16.028,1.089
RANBP1,ZNF354C,MA0130.1,Zinc-coordinating,BetaBetaAlpha-zinc finger,vertebrates,8.958,0.615,1,0,17566,7186,42,0.0836,207738,0.0346,14.655,0.343
RANBP1,Myc,MA0147.1,Zipper-Type,Helix-Loop-Helix,vertebrates,11.157,0.686,1,0,8288,16464,7,0.0232,18476,0.00513,13.77,1.094
RANBP1,Egr1,MA0162.1,Zinc-coordinating,BetaBetaAlpha-zinc finger,vertebrates,14.456,0.739,1,0,6364,18388,5,0.0182,12188,0.00373,12.938,1.358
SDC2,Foxd3,MA0041.1,Winged Helix-Turn-Helix,Forkhead,vertebrates,12.945,0.223,1,0,11354,13398,14,0.0481,49535,0.0165,14.573,0.779
SDC2,HNF1B,MA0153.1,Helix-Turn-Helix,Homeo,vertebrates,16.821,0.222,1,0,4107,20645,4,0.0137,6910,0.0023,13.92,1.796
SDC2,IRF2,MA0051.1,Winged Helix-Turn-Helix,IRF,vertebrates,21.134,0.412,1,0,844,23908,1,0.00515,923,0.000462,12.512,3.377
SDC2,FOXI1,MA0042.1,Winged Helix-Turn-Helix,Forkhead,vertebrates,13.183,0.263,1,0,11680,13072,12,0.0412,49366,0.0165,11.433,0.751
SDC2,Foxa2,MA0047.2,Winged Helix-Turn-Helix,Forkhead,vertebrates,13.268,0.315,1,0,11656,13096,11,0.0378,43535,0.0145,11.426,0.753
PTGES,Nkx3-2,MA0122.1,Helix-Turn-Helix,Homeo,vertebrates,8.542,0.463,1,0,15425,9327,3,0.193,91612,0.0229,13.157,0.473
PTGES,RELA,MA0107.1,Ig-fold,Rel,vertebrates,14.757,0.567,1,0,7171,17581,1,0.0714,13690,0.0038,12.311,1.239
PTGES,ELF5,MA0136.1,Winged Helix-Turn-Helix,Ets,vertebrates,8.693,0.429,1,0,16547,8205,3,0.193,117435,0.0294,11.207,0.403
PTGES,NF-kappaB,MA0061.1,Ig-fold,Rel,vertebrates,13.345,0.621,1,0,8381,16371,1,0.0714,18865,0.00524,10.26,1.083
PTGES,GABPA,MA0062.2,Winged Helix-Turn-Helix,Ets,vertebrates,13.335,0.647,1,0,9355,15397,1,0.0786,20927,0.0064,10.182,0.973
PTGES,E2F1,MA0024.1,Winged Helix-Turn-Helix,E2F,vertebrates,13.838,0.625,1,0,8113,16639,1,0.0571,17630,0.00392,9.403,1.115
PTGES,Esrrb,MA0141.1,Zinc-coordinating,Hormone-nuclear Receptor,vertebrates,12.806,0.524,1,0,10167,14585,1,0.0857,26346,0.00878,9.302,0.89
PTGES,Myf,MA0055.1,Zipper-Type,Helix-Loop-Helix,vertebrates,15.914,0.609,1,0,10157,14595,1,0.0857,27519,0.00918,9.055,0.891
PTGES,Klf4,MA0039.2,Zinc-coordinating,BetaBetaAlpha-zinc finger,vertebrates,12.618,0.771,1,0,13645,11107,2,0.143,88731,0.0247,8.746,0.596
GABRE,HNF1A,MA0046.1,Helix-Turn-Helix,Homeo,vertebrates,15.548,0.259,1,0,3044,21708,1,0.047,4352,0.00169,18.312,2.095
GABRE,SP1,MA0079.2,Zinc-coordinating,BetaBetaAlpha-zinc finger,vertebrates,11.129,0.82,1,0,12391,12361,4,0.134,79797,0.0222,12.94,0.692
GABRE,RELA,MA0107.1,Ig-fold,Rel,vertebrates,14.757,0.567,1,0,7171,17581,1,0.0336,13690,0.0038,7.873,1.239
GABRE,MAX,MA0058.1,Zipper-Type,Helix-Loop-Helix,vertebrates,12.685,0.571,1,0,7993,16759,1,0.0336,15900,0.00442,7.148,1.13
GABRE,NF-kappaB,MA0061.1,Ig-fold,Rel,vertebrates,13.345,0.621,1,0,8381,16371,1,0.0336,18865,0.00524,6.368,1.083
GABRE,Myb,MA0100.1,Helix-Turn-Helix,Myb,vertebrates,9.883,0.591,1,0,13518,11234,2,0.0537,58600,0.013,5.936,0.605
RET,PLAG1,MA0163.1,Zinc-coordinating,BetaBetaAlpha-zinc finger,vertebrates,19.352,0.798,1,0,1971,22781,1,0.0148,2462,0.000958,13.221,2.53
RET,Zfp423,MA0116.1,Zinc-coordinating,BetaBetaAlpha-zinc finger,vertebrates,17.925,0.679,1,0,5691,19061,2,0.0316,10149,0.00423,12.756,1.47
RET,CTCF,MA0139.1,Zinc-coordinating,BetaBetaAlpha-zinc finger,vertebrates,17.205,0.645,1,0,3236,21516,1,0.02,3982,0.0021,11.705,2.034
RET,Sox2,MA0143.1,Other Alpha-Helix,High Mobility Group,vertebrates,12.951,0.361,1,0,2809,21943,1,0.0158,3844,0.0016,10.541,2.176
RET,Pou5f1,MA0142.1,Helix-Turn-Helix,Homeo,vertebrates,14.808,0.308,1,0,3402,21350,1,0.0158,5205,0.00217,8.686,1.984
RET,Tcfcp2l1,MA0145.1,Other,CP2,vertebrates,11.65,0.609,1,0,10591,14161,3,0.0443,32190,0.0125,8.654,0.849
PLVAP,NR1H2::RXRA,MA0115.1,Zinc-coordinating,Hormone-nuclear Receptor,vertebrates,27.878,0.445,1,0,99,24653,1,0.031,100,4.72E-05,102.395,5.512
DIO2,Foxd3,MA0041.1,Winged Helix-Turn-Helix,Forkhead,vertebrates,12.945,0.223,1,0,11354,13398,26,0.0416,49535,0.0165,16.985,0.779
DIO2,CEBPA,MA0102.2,Zipper-Type,Leucine Zipper,vertebrates,8.712,0.358,1,0,12828,11924,27,0.0324,55606,0.0139,13.617,0.657
DIO2,Gfi,MA0038.1,Zinc-coordinating,BetaBetaAlpha-zinc finger,vertebrates,9.47,0.391,1,0,13731,11021,29,0.0386,65844,0.0183,13.108,0.589
DIO2,TLX1::NFIC,MA0119.1,Helix-Turn-Helix::Other,Homeo::Nuclear Factor I-CCAAT-binding,vertebrates,19.665,0.598,1,0,1066,23686,2,0.00373,1162,0.000452,13.091,3.144
DIO2,Evi1,MA0029.1,Zinc-coordinating,BetaBetaAlpha-zinc finger,vertebrates,17.909,0.28,1,0,1931,22821,3,0.0056,2457,0.000956,12.823,2.55
ADGRG2,NA,NA,NA,NA,NA,NA,NA,NA,NA,NA,NA,NA,NA,NA,NA,NA,NA
TESC,NHLH1,MA0048.1,Zipper-Type,Helix-Loop-Helix,vertebrates,14.132,0.674,1,0,5783,18969,2,0.0418,9874,0.00329,15.746,1.454
TESC,Stat3,MA0144.1,Ig-fold,Stat,vertebrates,13.601,0.505,1,0,9883,14869,3,0.0523,23645,0.00657,13.292,0.918
TESC,E2F1,MA0024.1,Winged Helix-Turn-Helix,E2F,vertebrates,13.838,0.625,1,0,8113,16639,2,0.0279,17630,0.00392,8.852,1.115
TESC,STAT1,MA0137.2,Ig-fold,Stat,vertebrates,13.119,0.452,1,0,6394,18358,1,0.0261,10990,0.00458,7.338,1.353
TESC,Klf4,MA0039.2,Zinc-coordinating,BetaBetaAlpha-zinc finger,vertebrates,12.618,0.771,1,0,13645,11107,4,0.0697,88731,0.0247,6.823,0.596
TESC,Myb,MA0100.1,Helix-Turn-Helix,Myb,vertebrates,9.883,0.591,1,0,13518,11234,3,0.0418,58600,0.013,5.898,0.605
CHRNA1,MEF2A,MA0052.1,Other Alpha-Helix,MADS,vertebrates,15.709,0.179,1,0,7006,17746,2,0.0427,15631,0.00434,12.278,1.262
CHRNA1,Gfi,MA0038.1,Zinc-coordinating,BetaBetaAlpha-zinc finger,vertebrates,9.47,0.391,1,0,13731,11021,4,0.0855,65844,0.0183,10.671,0.589
CHRNA1,NFYA,MA0060.1,Other Alpha-Helix,NFY CCAAT-binding,vertebrates,12.925,0.523,1,0,5865,18887,1,0.0342,9476,0.00421,9.655,1.44
CHRNA1,Myf,MA0055.1,Zipper-Type,Helix-Loop-Helix,vertebrates,15.914,0.609,1,0,10157,14595,2,0.0513,27519,0.00918,9.311,0.891
CHRNA1,TEAD1,MA0090.1,Helix-Turn-Helix,Homeo,vertebrates,15.678,0.507,1,0,5222,19530,1,0.0256,8446,0.00282,8.882,1.556
CHRNA1,PPARG::RXRA,MA0065.2,Zinc-coordinating,Hormone-nuclear Receptor,vertebrates,11.663,0.547,1,0,6067,18685,1,0.0321,11080,0.00462,8.412,1.406
CHRNA1,FEV,MA0156.1,Winged Helix-Turn-Helix,Ets,vertebrates,12.121,0.442,1,0,15402,9350,4,0.0684,81722,0.0182,7.96,0.474
CHRNA1,ELK4,MA0076.1,Winged Helix-Turn-Helix,Ets,vertebrates,14.123,0.583,1,0,6034,18718,1,0.0192,9342,0.00234,7.092,1.411
PLPP2,NA,NA,NA,NA,NA,NA,NA,NA,NA,NA,NA,NA,NA,NA,NA,NA,NA
ADRA2A,CTCF,MA0139.1,Zinc-coordinating,BetaBetaAlpha-zinc finger,vertebrates,17.205,0.645,1,0,3236,21516,2,0.0936,3982,0.0021,39.708,2.034
ADRA2A,Myc,MA0147.1,Zipper-Type,Helix-Loop-Helix,vertebrates,11.157,0.686,1,0,8288,16464,2,0.0493,18476,0.00513,12.094,1.094
ADRA2A,Myf,MA0055.1,Zipper-Type,Helix-Loop-Helix,vertebrates,15.914,0.609,1,0,10157,14595,2,0.0591,27519,0.00918,10.292,0.891
SRPX2,NFYA,MA0060.1,Other Alpha-Helix,NFY CCAAT-binding,vertebrates,12.925,0.523,1,0,5865,18887,2,0.026,9476,0.00421,11.592,1.44
SRPX2,PLAG1,MA0163.1,Zinc-coordinating,BetaBetaAlpha-zinc finger,vertebrates,19.352,0.798,1,0,1971,22781,1,0.0114,2462,0.000958,11.364,2.53
SRPX2,AP1,MA0099.2,Zipper-Type,Leucine Zipper,vertebrates,9.193,0.405,1,0,16390,8362,11,0.0627,113253,0.022,9.606,0.412
SRPX2,Hand1::Tcfe2a,MA0092.1,Zipper-Type,Helix-Loop-Helix,vertebrates,10.144,0.507,1,0,13286,11466,6,0.0488,54768,0.0152,9.506,0.622
SRPX2,RUNX1,MA0002.2,Ig-fold,Runt,vertebrates,10.401,0.502,1,0,13641,11111,6,0.0537,58648,0.0179,9.345,0.596
FAIM2,PLAG1,MA0163.1,Zinc-coordinating,BetaBetaAlpha-zinc finger,vertebrates,19.352,0.798,1,0,1971,22781,1,0.0162,2462,0.000958,13.938,2.53
FAIM2,HLF,MA0043.1,Zipper-Type,Leucine Zipper,vertebrates,11.147,0.394,1,0,5508,19244,2,0.0278,9969,0.00332,12.192,1.503
FAIM2,NFIL3,MA0025.1,Zipper-Type,Leucine Zipper,vertebrates,14.139,0.265,1,0,6731,18021,2,0.0255,15828,0.00484,8.492,1.302
FAIM2,MAX,MA0058.1,Zipper-Type,Helix-Loop-Helix,vertebrates,12.685,0.571,1,0,7993,16759,2,0.0231,15900,0.00442,8.045,1.13
